M_ID;JV_Namn;Roll;Mottagare_Namn;Mottagare_Förnamn;mailadress;@JV_bild;P_ID;Persona_Namn;Specialisering;STA;KOM;SAM;NOG;INN;ABM;Beskrivning;Projekt1;Projekt2;Projekt3;Projekt4;fill_color;line_color;@Persona_bild;skede_color;bakgrund_color
M5;Augustkvarteret AB;CFO;Anna Jansson;Anna;anna.jansson@akesundvall.se;C:\Users\niklas.sviden\OneDrive - Åke Sundvalls Byggnads AB\SPELET 2\Bilder\Skapade bilder\Dotterbolag Augustkvarteret AB.png;CFO-1;Rödpennan;Detaljerad ekonomi;1;-;1;2;-;-;Hittar tolvkronan i en hundramiljonersbudget och ringer dig om den klockan halv åtta på en torsdag. Inget passerar oupptäckt. Mindre lustig att sitta bredvid på en projektgenomgång - men kostnadskontrollen är kompromisslös.;Hittade en felaktig periodisering som kostat bolaget 4,2 mkr om året i tio år;Granskade 17 leverantörsavtal in i minsta detalj och förhandlade ner snittpriset 6,3 %;Implementerade kostnadsuppföljning per arbetspaket på alla projekt — projektcheferna grät de första två månaderna;Avslöjade ett mönster i ÄTA-arbeten som ledde till en tvist bolaget sedan vann;#7A2020;#7A2020;C:\Users\niklas.sviden\OneDrive - Åke Sundvalls Byggnads AB\SPELET 2\Bilder\Skapade bilder\CFO Rödpennan.png;#7A2020;#FCF6EF
M5;Augustkvarteret AB;CFO;Anna Jansson;Anna;anna.jansson@akesundvall.se;C:\Users\niklas.sviden\OneDrive - Åke Sundvalls Byggnads AB\SPELET 2\Bilder\Skapade bilder\Dotterbolag Augustkvarteret AB.png;CFO-2;Strategen;Affärsstrategisk ekonomi;2;1;-;1;-;-;Räknar inte bara - bygger affärsmodellen från grunden. Ser portföljen som ett schackbräde och flyttar pjäserna med långsiktig blick. Om någon i ledningsgruppen ifrågasätter en investering har Strategen redan tre framtidsscenarier i bakfickan.;Modellerade tre finansieringsstrukturer för en stadsdelsutveckling — alla tre antogs av styrelsen, en valdes;Föreslog uppdelning av portföljen i två bolag tre år innan branschen följde efter;Konstruerade ett hybridlån som öppnade investeringsdörren på 1,4 mdr när banken hade stängt;Designade en avkastningsmodell som fortfarande används av bolagets investerargrupp;#7A2020;#7A2020;C:\Users\niklas.sviden\OneDrive - Åke Sundvalls Byggnads AB\SPELET 2\Bilder\Skapade bilder\CFO Strategen.png;#7A2020;#FCF6EF
M5;Augustkvarteret AB;CFO;Anna Jansson;Anna;anna.jansson@akesundvall.se;C:\Users\niklas.sviden\OneDrive - Åke Sundvalls Byggnads AB\SPELET 2\Bilder\Skapade bilder\Dotterbolag Augustkvarteret AB.png;CFO-3;Vakthunden;Riskhantering;1;-;-;2;-;1;Försiktigheten på två ben. Säger nej oftare än ja och har elva worst-case-scenarier i varje föredragning. Räddar bolaget från det som aldrig händer - vilket är problemet, för man får aldrig veta hur många kriser som faktiskt undveks.;Avrådde från ett markförvärv tre månader före räntechocken — sparade bolaget uppskattningsvis 110 mkr;Implementerade ett scenarioarbete styrelsen nu kräver för varje förvärv över 50 mkr;Fick valutakursförsäkring på plats två veckor före kronfallet — inte tur, det stod i excelmodellen;Identifierade en juridisk svaghet i ett markköpsavtal som hade kunnat kosta bolaget hela investeringen;#7A2020;#7A2020;C:\Users\niklas.sviden\OneDrive - Åke Sundvalls Byggnads AB\SPELET 2\Bilder\Skapade bilder\CFO Vakthunden.png;#7A2020;#FCF6EF
M5;Augustkvarteret AB;CFO;Anna Jansson;Anna;anna.jansson@akesundvall.se;C:\Users\niklas.sviden\OneDrive - Åke Sundvalls Byggnads AB\SPELET 2\Bilder\Skapade bilder\Dotterbolag Augustkvarteret AB.png;CFO-4;Statistikern;Modern controlling;-;1;-;1;2;-;Ekonomi i realtid på en dashboard som uppdateras varje natt klockan tre. Drar in BI-verktyg där andra fortfarande mejlar Excel-filer. Bygger framtidens controlling - så länge du står ut med entusiastiska föredragningar om datakvalitet.;Byggde en BI-plattform som gav projektmarginalsiffror i realtid — inte två månader senare;Implementerade rullande prognoser med scenarioanalys på fem variabler — styrelsen läser dem först av allt;Konsoliderade 12 olika excel-modeller till en enda Power BI-instans;Fick controllers från fyra dotterbolag att rapportera i samma datamodell — det tog ett år, men nu rullar det;#7A2020;#7A2020;C:\Users\niklas.sviden\OneDrive - Åke Sundvalls Byggnads AB\SPELET 2\Bilder\Skapade bilder\CFO Statistikern.png;#7A2020;#FCF6EF
M5;Augustkvarteret AB;CFO;Anna Jansson;Anna;anna.jansson@akesundvall.se;C:\Users\niklas.sviden\OneDrive - Åke Sundvalls Byggnads AB\SPELET 2\Bilder\Skapade bilder\Dotterbolag Augustkvarteret AB.png;CFO-5;Berättaren;Investerar- & styrelsekommunikation;1;2;-;1;-;-;Förvandlar delårsrapporten från siffersoppa till berättelse. Styrelsen lyssnar, banken nickar, ägarna sover gott. Tar tid från detaljarbetet - men en CFO som kan kommunicera är värd flera procentenheter i förtroendekapital.;Skrev om årsredovisningen så att bankens kreditkommitté hörde av sig och bad hen komma och föreläsa;Höll emissionen lugn medan två konkurrenter pausade sina — investerarberättelsen höll;Fick en ovillig styrelseledamot att rösta för en kontroversiell investering med en enda slidesammanställning;Etablerade ett kvartalsformat för ägarkommunikation som inte ändrats på fem år — för att det fungerar;#7A2020;#7A2020;C:\Users\niklas.sviden\OneDrive - Åke Sundvalls Byggnads AB\SPELET 2\Bilder\Skapade bilder\CFO Berättaren.png;#7A2020;#FCF6EF
M5;Augustkvarteret AB;CFO;Anna Jansson;Anna;anna.jansson@akesundvall.se;C:\Users\niklas.sviden\OneDrive - Åke Sundvalls Byggnads AB\SPELET 2\Bilder\Skapade bilder\Dotterbolag Augustkvarteret AB.png;CFO-6;Skattmästaren;Klassisk ekonomi;2;-;-;2;-;-;Trettio år i samma stol och har bokfört allt själv minst en gång. Stenhård budgetdisciplin, järnkoll på balansräkningen, traditionellt och ologiskt enkelt. Modern teknik är något andra får leka med - skattmästaren räknar för hand och stämmer alltid.;Bokslut levererat senast tre veckor efter periodslut — 17 år i rad;Stängde två gamla balansposter ingen vågat röra sedan tidigt 2000-tal;Fick revisorerna att skriva under utan en enda anmärkning fem år i rad;Vägrar adoptera nya redovisningsstandarder förrän de är obligatoriska — och har aldrig haft fel;#7A2020;#7A2020;C:\Users\niklas.sviden\OneDrive - Åke Sundvalls Byggnads AB\SPELET 2\Bilder\Skapade bilder\CFO Skattmästaren.png;#7A2020;#FCF6EF
M10;Augustkvarteret AB;COO;Caroline Edstråle;Caroline;caroline.edstrale@akesundvall.se;C:\Users\niklas.sviden\OneDrive - Åke Sundvalls Byggnads AB\SPELET 2\Bilder\Skapade bilder\Dotterbolag Augustkvarteret AB.png;COO-1;Urmakaren;Drift & flöden;-;-;2;2;-;-;Får hjulen att snurra utan att någon märker hur. Allt flyter, alla deadlines hålls, leveransen kommer innan kunden ringt. Tar inte plats i rampljuset - men slutar Maskinrumsmästaren komma till jobbet stannar tåget på dag tre.;Optimerade leveransflödet på 14 byggprojekt — sänkte stilleståndstid med 22 %;Designade ett produktionsflöde där varje vecka börjar och slutar likadant;Halverade tiden från upphandling till spaden i jorden genom standardisering;Bytte till just-in-time-leverans på fönster och dörrar — ingen byggplats har klagat sedan;#7A2020;#7A2020;C:\Users\niklas.sviden\OneDrive - Åke Sundvalls Byggnads AB\SPELET 2\Bilder\Skapade bilder\COO Urmakaren.png;#7A2020;#FCF6EF
M10;Augustkvarteret AB;COO;Caroline Edstråle;Caroline;caroline.edstrale@akesundvall.se;C:\Users\niklas.sviden\OneDrive - Åke Sundvalls Byggnads AB\SPELET 2\Bilder\Skapade bilder\Dotterbolag Augustkvarteret AB.png;COO-2;Förmannen;Människor & miljö;-;1;1;-;-;2;Pratar med snickaren först och vd:n sist. Kör runt med kaffe och fångar upp signaler innan de blir konflikter. Lojaliteten i organisationen är skyhög - men styrelsen efterlyser ibland mer hårda siffror i föredragningarna.;Höll personalomsättningen under 4 % i fem år;Stoppade en arbetsmiljöincident som var på väg att bli allvarlig — dagen före;Fick byggarbetsplatserna att rapportera fler tillbud än någonsin tidigare — utan att någon kände sig påhoppad;"Drev igenom heta arbetstillstånd även där ""alla redan visste""";#7A2020;#7A2020;C:\Users\niklas.sviden\OneDrive - Åke Sundvalls Byggnads AB\SPELET 2\Bilder\Skapade bilder\COO Förmannen.png;#7A2020;#FCF6EF
M10;Augustkvarteret AB;COO;Caroline Edstråle;Caroline;caroline.edstrale@akesundvall.se;C:\Users\niklas.sviden\OneDrive - Åke Sundvalls Byggnads AB\SPELET 2\Bilder\Skapade bilder\Dotterbolag Augustkvarteret AB.png;COO-3;Generalen;Hård leverans;2;-;1;1;-;-;Säger nej oftare än ja och betyder det varje gång. Leveranserna kommer i tid, budgeten håller, ursäkterna saknas. Briljant i pressade lägen - men öppna hjärtan bygger inte Generalen, det är ABM-rapportens jobb.;Levererade Kvarteret Norra Stenen tre veckor före tidplan — och 9 % under budget;Bytte underentreprenör tre veckor in i ett projekt utan att tappa fart;Skickade tillbaka 23 ton armering med ord ingen i ledningen vill upprepa;Höll alla 11 milstolpar på sju parallella projekt under det år som mest gick fel i branschen;#7A2020;#7A2020;C:\Users\niklas.sviden\OneDrive - Åke Sundvalls Byggnads AB\SPELET 2\Bilder\Skapade bilder\COO Generalen.png;#7A2020;#FCF6EF
M10;Augustkvarteret AB;COO;Caroline Edstråle;Caroline;caroline.edstrale@akesundvall.se;C:\Users\niklas.sviden\OneDrive - Åke Sundvalls Byggnads AB\SPELET 2\Bilder\Skapade bilder\Dotterbolag Augustkvarteret AB.png;COO-4;Pionjären;Digital drift;-;-;1;1;2;-;Pilotar drönare över bygget och bygger om Excel till Power BI på en eftermiddag. Plockar bort minuter ur varje delprocess. Risk är att förändringen blir snabbare än organisationens mage - men det är en lyxoro.;Implementerade BIM på samtliga projekt — sex månader före branschsnittet;Byggde dashboards som ersatte 14 manuella excel-rapporter;Pilotade drönarinventering på två projekt — sparade 600 mantimmar enbart på lägeskontroller;Fick byggarbetsplatserna att skanna leveranskvitton i mobilen — försvunna fakturor: noll på två år;#7A2020;#7A2020;C:\Users\niklas.sviden\OneDrive - Åke Sundvalls Byggnads AB\SPELET 2\Bilder\Skapade bilder\COO Pionjären.png;#7A2020;#FCF6EF
M10;Augustkvarteret AB;COO;Caroline Edstråle;Caroline;caroline.edstrale@akesundvall.se;C:\Users\niklas.sviden\OneDrive - Åke Sundvalls Byggnads AB\SPELET 2\Bilder\Skapade bilder\Dotterbolag Augustkvarteret AB.png;COO-5;Bron;Tvärfunktionell samordning;-;1;2;-;-;1;Tolk mellan kontoret och fältet, mellan ekonomi och produktion, mellan styrelse och stomresare. Får människor som inte talar samma språk att förstå varandra ändå. Den dag Bron har semester ställs sex möten in.;Översatte mellan ekonomi och produktion under en tre månader lång konflikt — de pratar fortfarande;Designade ett samordningsmöte på 30 minuter som ersatte tre möten på sammanlagt fyra timmar;Fick styrelsen och stomresarna att förstå varandras kalendrar efter sju år av missförstånd;Etablerade ett gemensamt språk mellan inköp och projekt som överlevt två organisationsförändringar;#7A2020;#7A2020;C:\Users\niklas.sviden\OneDrive - Åke Sundvalls Byggnads AB\SPELET 2\Bilder\Skapade bilder\COO Bron.png;#7A2020;#FCF6EF
M10;Augustkvarteret AB;COO;Caroline Edstråle;Caroline;caroline.edstrale@akesundvall.se;C:\Users\niklas.sviden\OneDrive - Åke Sundvalls Byggnads AB\SPELET 2\Bilder\Skapade bilder\Dotterbolag Augustkvarteret AB.png;COO-6;Brandsläckaren;Akutoperationer;1;-;-;2;-;1;Står där det brinner och rycker ut innan någon hunnit larma. Detaljkoll, snabb fot, iskall under press. Den långsiktiga planeringen blir ibland lidande - för det dyker alltid upp en ny brand som behöver släckas först.;Hanterade en grävmaskinincident inom 90 minuter — inga personskador, inga försäkringskrav;Ledde övergången efter huvudentreprenörens konkurs en fredag eftermiddag — produktionen rullade på måndagen;Tog över ett projekt två veckor före slutbesiktning som tappat sju nyckelroller;Räddade en kvalitetsavvikelse på 47 lägenheter med en lösning varken arkitekten eller byggherren trott var möjlig;#7A2020;#7A2020;C:\Users\niklas.sviden\OneDrive - Åke Sundvalls Byggnads AB\SPELET 2\Bilder\Skapade bilder\COO Brandsläckaren.png;#7A2020;#FCF6EF
M14;Augustkvarteret AB;CEO;Erik Pettersson;Erik;erik.pettersson@akesundvall.se;C:\Users\niklas.sviden\OneDrive - Åke Sundvalls Byggnads AB\SPELET 2\Bilder\Skapade bilder\Dotterbolag Augustkvarteret AB.png;CEO-1;Skepparen;Vision & strategi;2;1;-;-;1;-;Står på berget och pekar. När alla andra ser molnen ser Riktningsgivaren horisonten. Stark hand på rodret och en gnista nytänkande - men frågar du om kvartalsbokslutet kommer det vara någon annan som svarar.;"Lade fram femårsstrategin ""Vägen mot 5000 lägenheter"" — antagen av styrelsen efter en eftermiddag";Vände bolagets riktning mot mixed-use efter en kaffe med kommunalrådet;Övertygade ägarna att avveckla logistikportföljen två år innan marknaden vände;Etablerade samarbete med internationellt arkitektkontor som ingen i branschen kände till;#7A2020;#7A2020;C:\Users\niklas.sviden\OneDrive - Åke Sundvalls Byggnads AB\SPELET 2\Bilder\Skapade bilder\CEO Skepparen.png;#7A2020;#FCF6EF
M14;Augustkvarteret AB;CEO;Erik Pettersson;Erik;erik.pettersson@akesundvall.se;C:\Users\niklas.sviden\OneDrive - Åke Sundvalls Byggnads AB\SPELET 2\Bilder\Skapade bilder\Dotterbolag Augustkvarteret AB.png;CEO-2;Förhandlaren;Affärer & relationer;1;2;1;-;-;-;Stänger affärer på bakplanet av en lunch och hinner samtidigt komma ihåg din frus namn. Skickligast i rummet på att få ett ja - men det betyder också att kalendern ofta gungar och detaljerna lämnas till någon annan.;Stängde markförvärvet i Norra Hamnen tre veckor före konkurrenten — handslag, papper sen;Förhandlade upp markpriset 9 % efter en gemensam middag;Räddade ett dröjande JV-avtal med ett samtal till ordförandens fru;Drev fyra parallella förhandlingar under en och samma kvartalspresentation;#7A2020;#7A2020;C:\Users\niklas.sviden\OneDrive - Åke Sundvalls Byggnads AB\SPELET 2\Bilder\Skapade bilder\CEO Förhandlaren.png;#7A2020;#FCF6EF
M14;Augustkvarteret AB;CEO;Erik Pettersson;Erik;erik.pettersson@akesundvall.se;C:\Users\niklas.sviden\OneDrive - Åke Sundvalls Byggnads AB\SPELET 2\Bilder\Skapade bilder\Dotterbolag Augustkvarteret AB.png;CEO-3;Värden;Företagskultur;1;1;-;-;-;2;Tror på att kulturen är hela husgrunden. Bygger ett bolag där folk vill stanna kvar - hög lojalitet, låg sjukfrånvaro, stabilt fundament. Tempot är mjukare och de hårda affärsbesluten kan dröja, men ingen blir kvarglömd på vägen.;Sänkte sjukfrånvaron från 8 % till 3 % på två år;Byggde mentorprogram som nu har tre års kö;Stoppade en redan annonserad omorganisation efter att ha läst stämningen rätt;"Tog hem ""Årets arbetsgivare"" samma år som bolaget gjorde sin lägsta marginal någonsin";#7A2020;#7A2020;C:\Users\niklas.sviden\OneDrive - Åke Sundvalls Byggnads AB\SPELET 2\Bilder\Skapade bilder\CEO Värden.png;#7A2020;#FCF6EF
M14;Augustkvarteret AB;CEO;Erik Pettersson;Erik;erik.pettersson@akesundvall.se;C:\Users\niklas.sviden\OneDrive - Åke Sundvalls Byggnads AB\SPELET 2\Bilder\Skapade bilder\Dotterbolag Augustkvarteret AB.png;CEO-4;Profilen;Profil & opinionsbildning;1;2;-;-;1;-;Talar i Almedalen, sitter i panel på Business Arena, citeras i DI varje torsdag. Sätter bolaget på kartan och drar nya kunder med ett tonfall - men huset hemma ska helst sköta sig självt under tiden.;Talade på tre rikstäckande paneler under samma vecka — tre olika budskap, alla väl mottagna;Citerades 47 gånger i Dagens Industri under ett år;Fick stadens kommunalråd att lyfta bolagets vision i nyårstalet;Lanserade en hashtag som tog över byggbranschen i sex månader;#7A2020;#7A2020;C:\Users\niklas.sviden\OneDrive - Åke Sundvalls Byggnads AB\SPELET 2\Bilder\Skapade bilder\CEO Profilen.png;#7A2020;#FCF6EF
M14;Augustkvarteret AB;CEO;Erik Pettersson;Erik;erik.pettersson@akesundvall.se;C:\Users\niklas.sviden\OneDrive - Åke Sundvalls Byggnads AB\SPELET 2\Bilder\Skapade bilder\Dotterbolag Augustkvarteret AB.png;CEO-5;Klippan;Krisledarskap;2;-;-;1;-;1;När larmet går blir alla lugnare bara av att se Klippan sätta sig vid bordet. Trygghet på riktigt, ordning i kaos och blick för säkerhet - men tystlåten i medvind, sällan den som tänder festen.;Höll bolaget samlat under huvudentreprenörens konkurs — inga uppsägningar, inga försenade etapper;Ledde insatsen efter översvämningen — alla uthyrda lägenheter bebodda igen inom åtta veckor;Tog över ledningen under förra VD:ns sjukskrivning utan att någon utomstående märkte;Hanterade en arbetsplatsolycka på ett sätt facket sedan höll fram som modellexempel;#7A2020;#7A2020;C:\Users\niklas.sviden\OneDrive - Åke Sundvalls Byggnads AB\SPELET 2\Bilder\Skapade bilder\CEO Klippan.png;#7A2020;#FCF6EF
M14;Augustkvarteret AB;CEO;Erik Pettersson;Erik;erik.pettersson@akesundvall.se;C:\Users\niklas.sviden\OneDrive - Åke Sundvalls Byggnads AB\SPELET 2\Bilder\Skapade bilder\Dotterbolag Augustkvarteret AB.png;CEO-6;Medlaren;Inkluderande ledarskap;1;1;2;-;-;-;Kallar in alla, lyssnar på alla, får alla med på båten. Beslut förankras stenhårt och ingen stångar emot på vägen ut ur rummet. Priset är att processen tar tid - och den första att bli otålig är konkurrenten.;Fick fyra disparata JV-partners att enas om gemensam utvecklingsplan på två workshops;Förenade två sammanslagna ledningsgrupper utan att en enda chef sa upp sig;Tog en kontroversiell omorganisation i mål efter ett halvårs förankring — inga interna utspel;Förhandlade fram en ny entreprenadmodell som både byggherre och entreprenör vill prata om publikt;#7A2020;#7A2020;C:\Users\niklas.sviden\OneDrive - Åke Sundvalls Byggnads AB\SPELET 2\Bilder\Skapade bilder\CEO Medlaren.png;#7A2020;#FCF6EF
M39;Bettyparken AB;COO;Petra Jöngren;Petra;petra.jongren@akesundvall.se;C:\Users\niklas.sviden\OneDrive - Åke Sundvalls Byggnads AB\SPELET 2\Bilder\Skapade bilder\Dotterbolag Bettyparken AB.png;COO-1;Urmakaren;Drift & flöden;-;-;2;2;-;-;Får hjulen att snurra utan att någon märker hur. Allt flyter, alla deadlines hålls, leveransen kommer innan kunden ringt. Tar inte plats i rampljuset - men slutar Maskinrumsmästaren komma till jobbet stannar tåget på dag tre.;Optimerade leveransflödet på 14 byggprojekt — sänkte stilleståndstid med 22 %;Designade ett produktionsflöde där varje vecka börjar och slutar likadant;Halverade tiden från upphandling till spaden i jorden genom standardisering;Bytte till just-in-time-leverans på fönster och dörrar — ingen byggplats har klagat sedan;#7A2020;#7A2020;C:\Users\niklas.sviden\OneDrive - Åke Sundvalls Byggnads AB\SPELET 2\Bilder\Skapade bilder\COO Urmakaren.png;#7A2020;#FCF6EF
M39;Bettyparken AB;COO;Petra Jöngren;Petra;petra.jongren@akesundvall.se;C:\Users\niklas.sviden\OneDrive - Åke Sundvalls Byggnads AB\SPELET 2\Bilder\Skapade bilder\Dotterbolag Bettyparken AB.png;COO-2;Förmannen;Människor & miljö;-;1;1;-;-;2;Pratar med snickaren först och vd:n sist. Kör runt med kaffe och fångar upp signaler innan de blir konflikter. Lojaliteten i organisationen är skyhög - men styrelsen efterlyser ibland mer hårda siffror i föredragningarna.;Höll personalomsättningen under 4 % i fem år;Stoppade en arbetsmiljöincident som var på väg att bli allvarlig — dagen före;Fick byggarbetsplatserna att rapportera fler tillbud än någonsin tidigare — utan att någon kände sig påhoppad;"Drev igenom heta arbetstillstånd även där ""alla redan visste""";#7A2020;#7A2020;C:\Users\niklas.sviden\OneDrive - Åke Sundvalls Byggnads AB\SPELET 2\Bilder\Skapade bilder\COO Förmannen.png;#7A2020;#FCF6EF
M39;Bettyparken AB;COO;Petra Jöngren;Petra;petra.jongren@akesundvall.se;C:\Users\niklas.sviden\OneDrive - Åke Sundvalls Byggnads AB\SPELET 2\Bilder\Skapade bilder\Dotterbolag Bettyparken AB.png;COO-3;Generalen;Hård leverans;2;-;1;1;-;-;Säger nej oftare än ja och betyder det varje gång. Leveranserna kommer i tid, budgeten håller, ursäkterna saknas. Briljant i pressade lägen - men öppna hjärtan bygger inte Generalen, det är ABM-rapportens jobb.;Levererade Kvarteret Norra Stenen tre veckor före tidplan — och 9 % under budget;Bytte underentreprenör tre veckor in i ett projekt utan att tappa fart;Skickade tillbaka 23 ton armering med ord ingen i ledningen vill upprepa;Höll alla 11 milstolpar på sju parallella projekt under det år som mest gick fel i branschen;#7A2020;#7A2020;C:\Users\niklas.sviden\OneDrive - Åke Sundvalls Byggnads AB\SPELET 2\Bilder\Skapade bilder\COO Generalen.png;#7A2020;#FCF6EF
M39;Bettyparken AB;COO;Petra Jöngren;Petra;petra.jongren@akesundvall.se;C:\Users\niklas.sviden\OneDrive - Åke Sundvalls Byggnads AB\SPELET 2\Bilder\Skapade bilder\Dotterbolag Bettyparken AB.png;COO-4;Pionjären;Digital drift;-;-;1;1;2;-;Pilotar drönare över bygget och bygger om Excel till Power BI på en eftermiddag. Plockar bort minuter ur varje delprocess. Risk är att förändringen blir snabbare än organisationens mage - men det är en lyxoro.;Implementerade BIM på samtliga projekt — sex månader före branschsnittet;Byggde dashboards som ersatte 14 manuella excel-rapporter;Pilotade drönarinventering på två projekt — sparade 600 mantimmar enbart på lägeskontroller;Fick byggarbetsplatserna att skanna leveranskvitton i mobilen — försvunna fakturor: noll på två år;#7A2020;#7A2020;C:\Users\niklas.sviden\OneDrive - Åke Sundvalls Byggnads AB\SPELET 2\Bilder\Skapade bilder\COO Pionjären.png;#7A2020;#FCF6EF
M39;Bettyparken AB;COO;Petra Jöngren;Petra;petra.jongren@akesundvall.se;C:\Users\niklas.sviden\OneDrive - Åke Sundvalls Byggnads AB\SPELET 2\Bilder\Skapade bilder\Dotterbolag Bettyparken AB.png;COO-5;Bron;Tvärfunktionell samordning;-;1;2;-;-;1;Tolk mellan kontoret och fältet, mellan ekonomi och produktion, mellan styrelse och stomresare. Får människor som inte talar samma språk att förstå varandra ändå. Den dag Bron har semester ställs sex möten in.;Översatte mellan ekonomi och produktion under en tre månader lång konflikt — de pratar fortfarande;Designade ett samordningsmöte på 30 minuter som ersatte tre möten på sammanlagt fyra timmar;Fick styrelsen och stomresarna att förstå varandras kalendrar efter sju år av missförstånd;Etablerade ett gemensamt språk mellan inköp och projekt som överlevt två organisationsförändringar;#7A2020;#7A2020;C:\Users\niklas.sviden\OneDrive - Åke Sundvalls Byggnads AB\SPELET 2\Bilder\Skapade bilder\COO Bron.png;#7A2020;#FCF6EF
M39;Bettyparken AB;COO;Petra Jöngren;Petra;petra.jongren@akesundvall.se;C:\Users\niklas.sviden\OneDrive - Åke Sundvalls Byggnads AB\SPELET 2\Bilder\Skapade bilder\Dotterbolag Bettyparken AB.png;COO-6;Brandsläckaren;Akutoperationer;1;-;-;2;-;1;Står där det brinner och rycker ut innan någon hunnit larma. Detaljkoll, snabb fot, iskall under press. Den långsiktiga planeringen blir ibland lidande - för det dyker alltid upp en ny brand som behöver släckas först.;Hanterade en grävmaskinincident inom 90 minuter — inga personskador, inga försäkringskrav;Ledde övergången efter huvudentreprenörens konkurs en fredag eftermiddag — produktionen rullade på måndagen;Tog över ett projekt två veckor före slutbesiktning som tappat sju nyckelroller;Räddade en kvalitetsavvikelse på 47 lägenheter med en lösning varken arkitekten eller byggherren trott var möjlig;#7A2020;#7A2020;C:\Users\niklas.sviden\OneDrive - Åke Sundvalls Byggnads AB\SPELET 2\Bilder\Skapade bilder\COO Brandsläckaren.png;#7A2020;#FCF6EF
M42;Bettyparken AB;CEO;Sarah Chabraoui;Sarah;sarah.chabraoui@akesundvall.se;C:\Users\niklas.sviden\OneDrive - Åke Sundvalls Byggnads AB\SPELET 2\Bilder\Skapade bilder\Dotterbolag Bettyparken AB.png;CEO-1;Skepparen;Vision & strategi;2;1;-;-;1;-;Står på berget och pekar. När alla andra ser molnen ser Riktningsgivaren horisonten. Stark hand på rodret och en gnista nytänkande - men frågar du om kvartalsbokslutet kommer det vara någon annan som svarar.;"Lade fram femårsstrategin ""Vägen mot 5000 lägenheter"" — antagen av styrelsen efter en eftermiddag";Vände bolagets riktning mot mixed-use efter en kaffe med kommunalrådet;Övertygade ägarna att avveckla logistikportföljen två år innan marknaden vände;Etablerade samarbete med internationellt arkitektkontor som ingen i branschen kände till;#7A2020;#7A2020;C:\Users\niklas.sviden\OneDrive - Åke Sundvalls Byggnads AB\SPELET 2\Bilder\Skapade bilder\CEO Skepparen.png;#7A2020;#FCF6EF
M42;Bettyparken AB;CEO;Sarah Chabraoui;Sarah;sarah.chabraoui@akesundvall.se;C:\Users\niklas.sviden\OneDrive - Åke Sundvalls Byggnads AB\SPELET 2\Bilder\Skapade bilder\Dotterbolag Bettyparken AB.png;CEO-2;Förhandlaren;Affärer & relationer;1;2;1;-;-;-;Stänger affärer på bakplanet av en lunch och hinner samtidigt komma ihåg din frus namn. Skickligast i rummet på att få ett ja - men det betyder också att kalendern ofta gungar och detaljerna lämnas till någon annan.;Stängde markförvärvet i Norra Hamnen tre veckor före konkurrenten — handslag, papper sen;Förhandlade upp markpriset 9 % efter en gemensam middag;Räddade ett dröjande JV-avtal med ett samtal till ordförandens fru;Drev fyra parallella förhandlingar under en och samma kvartalspresentation;#7A2020;#7A2020;C:\Users\niklas.sviden\OneDrive - Åke Sundvalls Byggnads AB\SPELET 2\Bilder\Skapade bilder\CEO Förhandlaren.png;#7A2020;#FCF6EF
M42;Bettyparken AB;CEO;Sarah Chabraoui;Sarah;sarah.chabraoui@akesundvall.se;C:\Users\niklas.sviden\OneDrive - Åke Sundvalls Byggnads AB\SPELET 2\Bilder\Skapade bilder\Dotterbolag Bettyparken AB.png;CEO-3;Värden;Företagskultur;1;1;-;-;-;2;Tror på att kulturen är hela husgrunden. Bygger ett bolag där folk vill stanna kvar - hög lojalitet, låg sjukfrånvaro, stabilt fundament. Tempot är mjukare och de hårda affärsbesluten kan dröja, men ingen blir kvarglömd på vägen.;Sänkte sjukfrånvaron från 8 % till 3 % på två år;Byggde mentorprogram som nu har tre års kö;Stoppade en redan annonserad omorganisation efter att ha läst stämningen rätt;"Tog hem ""Årets arbetsgivare"" samma år som bolaget gjorde sin lägsta marginal någonsin";#7A2020;#7A2020;C:\Users\niklas.sviden\OneDrive - Åke Sundvalls Byggnads AB\SPELET 2\Bilder\Skapade bilder\CEO Värden.png;#7A2020;#FCF6EF
M42;Bettyparken AB;CEO;Sarah Chabraoui;Sarah;sarah.chabraoui@akesundvall.se;C:\Users\niklas.sviden\OneDrive - Åke Sundvalls Byggnads AB\SPELET 2\Bilder\Skapade bilder\Dotterbolag Bettyparken AB.png;CEO-4;Profilen;Profil & opinionsbildning;1;2;-;-;1;-;Talar i Almedalen, sitter i panel på Business Arena, citeras i DI varje torsdag. Sätter bolaget på kartan och drar nya kunder med ett tonfall - men huset hemma ska helst sköta sig självt under tiden.;Talade på tre rikstäckande paneler under samma vecka — tre olika budskap, alla väl mottagna;Citerades 47 gånger i Dagens Industri under ett år;Fick stadens kommunalråd att lyfta bolagets vision i nyårstalet;Lanserade en hashtag som tog över byggbranschen i sex månader;#7A2020;#7A2020;C:\Users\niklas.sviden\OneDrive - Åke Sundvalls Byggnads AB\SPELET 2\Bilder\Skapade bilder\CEO Profilen.png;#7A2020;#FCF6EF
M42;Bettyparken AB;CEO;Sarah Chabraoui;Sarah;sarah.chabraoui@akesundvall.se;C:\Users\niklas.sviden\OneDrive - Åke Sundvalls Byggnads AB\SPELET 2\Bilder\Skapade bilder\Dotterbolag Bettyparken AB.png;CEO-5;Klippan;Krisledarskap;2;-;-;1;-;1;När larmet går blir alla lugnare bara av att se Klippan sätta sig vid bordet. Trygghet på riktigt, ordning i kaos och blick för säkerhet - men tystlåten i medvind, sällan den som tänder festen.;Höll bolaget samlat under huvudentreprenörens konkurs — inga uppsägningar, inga försenade etapper;Ledde insatsen efter översvämningen — alla uthyrda lägenheter bebodda igen inom åtta veckor;Tog över ledningen under förra VD:ns sjukskrivning utan att någon utomstående märkte;Hanterade en arbetsplatsolycka på ett sätt facket sedan höll fram som modellexempel;#7A2020;#7A2020;C:\Users\niklas.sviden\OneDrive - Åke Sundvalls Byggnads AB\SPELET 2\Bilder\Skapade bilder\CEO Klippan.png;#7A2020;#FCF6EF
M42;Bettyparken AB;CEO;Sarah Chabraoui;Sarah;sarah.chabraoui@akesundvall.se;C:\Users\niklas.sviden\OneDrive - Åke Sundvalls Byggnads AB\SPELET 2\Bilder\Skapade bilder\Dotterbolag Bettyparken AB.png;CEO-6;Medlaren;Inkluderande ledarskap;1;1;2;-;-;-;Kallar in alla, lyssnar på alla, får alla med på båten. Beslut förankras stenhårt och ingen stångar emot på vägen ut ur rummet. Priset är att processen tar tid - och den första att bli otålig är konkurrenten.;Fick fyra disparata JV-partners att enas om gemensam utvecklingsplan på två workshops;Förenade två sammanslagna ledningsgrupper utan att en enda chef sa upp sig;Tog en kontroversiell omorganisation i mål efter ett halvårs förankring — inga interna utspel;Förhandlade fram en ny entreprenadmodell som både byggherre och entreprenör vill prata om publikt;#7A2020;#7A2020;C:\Users\niklas.sviden\OneDrive - Åke Sundvalls Byggnads AB\SPELET 2\Bilder\Skapade bilder\CEO Medlaren.png;#7A2020;#FCF6EF
M49;Bettyparken AB;CFO;Tom Edström;Tom;tom.edstrom@akesundvall.se;C:\Users\niklas.sviden\OneDrive - Åke Sundvalls Byggnads AB\SPELET 2\Bilder\Skapade bilder\Dotterbolag Bettyparken AB.png;CFO-1;Rödpennan;Detaljerad ekonomi;1;-;1;2;-;-;Hittar tolvkronan i en hundramiljonersbudget och ringer dig om den klockan halv åtta på en torsdag. Inget passerar oupptäckt. Mindre lustig att sitta bredvid på en projektgenomgång - men kostnadskontrollen är kompromisslös.;Hittade en felaktig periodisering som kostat bolaget 4,2 mkr om året i tio år;Granskade 17 leverantörsavtal in i minsta detalj och förhandlade ner snittpriset 6,3 %;Implementerade kostnadsuppföljning per arbetspaket på alla projekt — projektcheferna grät de första två månaderna;Avslöjade ett mönster i ÄTA-arbeten som ledde till en tvist bolaget sedan vann;#7A2020;#7A2020;C:\Users\niklas.sviden\OneDrive - Åke Sundvalls Byggnads AB\SPELET 2\Bilder\Skapade bilder\CFO Rödpennan.png;#7A2020;#FCF6EF
M49;Bettyparken AB;CFO;Tom Edström;Tom;tom.edstrom@akesundvall.se;C:\Users\niklas.sviden\OneDrive - Åke Sundvalls Byggnads AB\SPELET 2\Bilder\Skapade bilder\Dotterbolag Bettyparken AB.png;CFO-2;Strategen;Affärsstrategisk ekonomi;2;1;-;1;-;-;Räknar inte bara - bygger affärsmodellen från grunden. Ser portföljen som ett schackbräde och flyttar pjäserna med långsiktig blick. Om någon i ledningsgruppen ifrågasätter en investering har Strategen redan tre framtidsscenarier i bakfickan.;Modellerade tre finansieringsstrukturer för en stadsdelsutveckling — alla tre antogs av styrelsen, en valdes;Föreslog uppdelning av portföljen i två bolag tre år innan branschen följde efter;Konstruerade ett hybridlån som öppnade investeringsdörren på 1,4 mdr när banken hade stängt;Designade en avkastningsmodell som fortfarande används av bolagets investerargrupp;#7A2020;#7A2020;C:\Users\niklas.sviden\OneDrive - Åke Sundvalls Byggnads AB\SPELET 2\Bilder\Skapade bilder\CFO Strategen.png;#7A2020;#FCF6EF
M49;Bettyparken AB;CFO;Tom Edström;Tom;tom.edstrom@akesundvall.se;C:\Users\niklas.sviden\OneDrive - Åke Sundvalls Byggnads AB\SPELET 2\Bilder\Skapade bilder\Dotterbolag Bettyparken AB.png;CFO-3;Vakthunden;Riskhantering;1;-;-;2;-;1;Försiktigheten på två ben. Säger nej oftare än ja och har elva worst-case-scenarier i varje föredragning. Räddar bolaget från det som aldrig händer - vilket är problemet, för man får aldrig veta hur många kriser som faktiskt undveks.;Avrådde från ett markförvärv tre månader före räntechocken — sparade bolaget uppskattningsvis 110 mkr;Implementerade ett scenarioarbete styrelsen nu kräver för varje förvärv över 50 mkr;Fick valutakursförsäkring på plats två veckor före kronfallet — inte tur, det stod i excelmodellen;Identifierade en juridisk svaghet i ett markköpsavtal som hade kunnat kosta bolaget hela investeringen;#7A2020;#7A2020;C:\Users\niklas.sviden\OneDrive - Åke Sundvalls Byggnads AB\SPELET 2\Bilder\Skapade bilder\CFO Vakthunden.png;#7A2020;#FCF6EF
M49;Bettyparken AB;CFO;Tom Edström;Tom;tom.edstrom@akesundvall.se;C:\Users\niklas.sviden\OneDrive - Åke Sundvalls Byggnads AB\SPELET 2\Bilder\Skapade bilder\Dotterbolag Bettyparken AB.png;CFO-4;Statistikern;Modern controlling;-;1;-;1;2;-;Ekonomi i realtid på en dashboard som uppdateras varje natt klockan tre. Drar in BI-verktyg där andra fortfarande mejlar Excel-filer. Bygger framtidens controlling - så länge du står ut med entusiastiska föredragningar om datakvalitet.;Byggde en BI-plattform som gav projektmarginalsiffror i realtid — inte två månader senare;Implementerade rullande prognoser med scenarioanalys på fem variabler — styrelsen läser dem först av allt;Konsoliderade 12 olika excel-modeller till en enda Power BI-instans;Fick controllers från fyra dotterbolag att rapportera i samma datamodell — det tog ett år, men nu rullar det;#7A2020;#7A2020;C:\Users\niklas.sviden\OneDrive - Åke Sundvalls Byggnads AB\SPELET 2\Bilder\Skapade bilder\CFO Statistikern.png;#7A2020;#FCF6EF
M49;Bettyparken AB;CFO;Tom Edström;Tom;tom.edstrom@akesundvall.se;C:\Users\niklas.sviden\OneDrive - Åke Sundvalls Byggnads AB\SPELET 2\Bilder\Skapade bilder\Dotterbolag Bettyparken AB.png;CFO-5;Berättaren;Investerar- & styrelsekommunikation;1;2;-;1;-;-;Förvandlar delårsrapporten från siffersoppa till berättelse. Styrelsen lyssnar, banken nickar, ägarna sover gott. Tar tid från detaljarbetet - men en CFO som kan kommunicera är värd flera procentenheter i förtroendekapital.;Skrev om årsredovisningen så att bankens kreditkommitté hörde av sig och bad hen komma och föreläsa;Höll emissionen lugn medan två konkurrenter pausade sina — investerarberättelsen höll;Fick en ovillig styrelseledamot att rösta för en kontroversiell investering med en enda slidesammanställning;Etablerade ett kvartalsformat för ägarkommunikation som inte ändrats på fem år — för att det fungerar;#7A2020;#7A2020;C:\Users\niklas.sviden\OneDrive - Åke Sundvalls Byggnads AB\SPELET 2\Bilder\Skapade bilder\CFO Berättaren.png;#7A2020;#FCF6EF
M49;Bettyparken AB;CFO;Tom Edström;Tom;tom.edstrom@akesundvall.se;C:\Users\niklas.sviden\OneDrive - Åke Sundvalls Byggnads AB\SPELET 2\Bilder\Skapade bilder\Dotterbolag Bettyparken AB.png;CFO-6;Skattmästaren;Klassisk ekonomi;2;-;-;2;-;-;Trettio år i samma stol och har bokfört allt själv minst en gång. Stenhård budgetdisciplin, järnkoll på balansräkningen, traditionellt och ologiskt enkelt. Modern teknik är något andra får leka med - skattmästaren räknar för hand och stämmer alltid.;Bokslut levererat senast tre veckor efter periodslut — 17 år i rad;Stängde två gamla balansposter ingen vågat röra sedan tidigt 2000-tal;Fick revisorerna att skriva under utan en enda anmärkning fem år i rad;Vägrar adoptera nya redovisningsstandarder förrän de är obligatoriska — och har aldrig haft fel;#7A2020;#7A2020;C:\Users\niklas.sviden\OneDrive - Åke Sundvalls Byggnads AB\SPELET 2\Bilder\Skapade bilder\CFO Skattmästaren.png;#7A2020;#FCF6EF
M6;Cardiganparken Etapp 4;COO;Anneli Johansson;Anneli;anneli.johansson@akesundvall.se;C:\Users\niklas.sviden\OneDrive - Åke Sundvalls Byggnads AB\SPELET 2\Bilder\Skapade bilder\Dotterbolag Cardiganparken Etapp 4.png;COO-1;Urmakaren;Drift & flöden;-;-;2;2;-;-;Får hjulen att snurra utan att någon märker hur. Allt flyter, alla deadlines hålls, leveransen kommer innan kunden ringt. Tar inte plats i rampljuset - men slutar Maskinrumsmästaren komma till jobbet stannar tåget på dag tre.;Optimerade leveransflödet på 14 byggprojekt — sänkte stilleståndstid med 22 %;Designade ett produktionsflöde där varje vecka börjar och slutar likadant;Halverade tiden från upphandling till spaden i jorden genom standardisering;Bytte till just-in-time-leverans på fönster och dörrar — ingen byggplats har klagat sedan;#7A2020;#7A2020;C:\Users\niklas.sviden\OneDrive - Åke Sundvalls Byggnads AB\SPELET 2\Bilder\Skapade bilder\COO Urmakaren.png;#7A2020;#FCF6EF
M6;Cardiganparken Etapp 4;COO;Anneli Johansson;Anneli;anneli.johansson@akesundvall.se;C:\Users\niklas.sviden\OneDrive - Åke Sundvalls Byggnads AB\SPELET 2\Bilder\Skapade bilder\Dotterbolag Cardiganparken Etapp 4.png;COO-2;Förmannen;Människor & miljö;-;1;1;-;-;2;Pratar med snickaren först och vd:n sist. Kör runt med kaffe och fångar upp signaler innan de blir konflikter. Lojaliteten i organisationen är skyhög - men styrelsen efterlyser ibland mer hårda siffror i föredragningarna.;Höll personalomsättningen under 4 % i fem år;Stoppade en arbetsmiljöincident som var på väg att bli allvarlig — dagen före;Fick byggarbetsplatserna att rapportera fler tillbud än någonsin tidigare — utan att någon kände sig påhoppad;"Drev igenom heta arbetstillstånd även där ""alla redan visste""";#7A2020;#7A2020;C:\Users\niklas.sviden\OneDrive - Åke Sundvalls Byggnads AB\SPELET 2\Bilder\Skapade bilder\COO Förmannen.png;#7A2020;#FCF6EF
M6;Cardiganparken Etapp 4;COO;Anneli Johansson;Anneli;anneli.johansson@akesundvall.se;C:\Users\niklas.sviden\OneDrive - Åke Sundvalls Byggnads AB\SPELET 2\Bilder\Skapade bilder\Dotterbolag Cardiganparken Etapp 4.png;COO-3;Generalen;Hård leverans;2;-;1;1;-;-;Säger nej oftare än ja och betyder det varje gång. Leveranserna kommer i tid, budgeten håller, ursäkterna saknas. Briljant i pressade lägen - men öppna hjärtan bygger inte Generalen, det är ABM-rapportens jobb.;Levererade Kvarteret Norra Stenen tre veckor före tidplan — och 9 % under budget;Bytte underentreprenör tre veckor in i ett projekt utan att tappa fart;Skickade tillbaka 23 ton armering med ord ingen i ledningen vill upprepa;Höll alla 11 milstolpar på sju parallella projekt under det år som mest gick fel i branschen;#7A2020;#7A2020;C:\Users\niklas.sviden\OneDrive - Åke Sundvalls Byggnads AB\SPELET 2\Bilder\Skapade bilder\COO Generalen.png;#7A2020;#FCF6EF
M6;Cardiganparken Etapp 4;COO;Anneli Johansson;Anneli;anneli.johansson@akesundvall.se;C:\Users\niklas.sviden\OneDrive - Åke Sundvalls Byggnads AB\SPELET 2\Bilder\Skapade bilder\Dotterbolag Cardiganparken Etapp 4.png;COO-4;Pionjären;Digital drift;-;-;1;1;2;-;Pilotar drönare över bygget och bygger om Excel till Power BI på en eftermiddag. Plockar bort minuter ur varje delprocess. Risk är att förändringen blir snabbare än organisationens mage - men det är en lyxoro.;Implementerade BIM på samtliga projekt — sex månader före branschsnittet;Byggde dashboards som ersatte 14 manuella excel-rapporter;Pilotade drönarinventering på två projekt — sparade 600 mantimmar enbart på lägeskontroller;Fick byggarbetsplatserna att skanna leveranskvitton i mobilen — försvunna fakturor: noll på två år;#7A2020;#7A2020;C:\Users\niklas.sviden\OneDrive - Åke Sundvalls Byggnads AB\SPELET 2\Bilder\Skapade bilder\COO Pionjären.png;#7A2020;#FCF6EF
M6;Cardiganparken Etapp 4;COO;Anneli Johansson;Anneli;anneli.johansson@akesundvall.se;C:\Users\niklas.sviden\OneDrive - Åke Sundvalls Byggnads AB\SPELET 2\Bilder\Skapade bilder\Dotterbolag Cardiganparken Etapp 4.png;COO-5;Bron;Tvärfunktionell samordning;-;1;2;-;-;1;Tolk mellan kontoret och fältet, mellan ekonomi och produktion, mellan styrelse och stomresare. Får människor som inte talar samma språk att förstå varandra ändå. Den dag Bron har semester ställs sex möten in.;Översatte mellan ekonomi och produktion under en tre månader lång konflikt — de pratar fortfarande;Designade ett samordningsmöte på 30 minuter som ersatte tre möten på sammanlagt fyra timmar;Fick styrelsen och stomresarna att förstå varandras kalendrar efter sju år av missförstånd;Etablerade ett gemensamt språk mellan inköp och projekt som överlevt två organisationsförändringar;#7A2020;#7A2020;C:\Users\niklas.sviden\OneDrive - Åke Sundvalls Byggnads AB\SPELET 2\Bilder\Skapade bilder\COO Bron.png;#7A2020;#FCF6EF
M6;Cardiganparken Etapp 4;COO;Anneli Johansson;Anneli;anneli.johansson@akesundvall.se;C:\Users\niklas.sviden\OneDrive - Åke Sundvalls Byggnads AB\SPELET 2\Bilder\Skapade bilder\Dotterbolag Cardiganparken Etapp 4.png;COO-6;Brandsläckaren;Akutoperationer;1;-;-;2;-;1;Står där det brinner och rycker ut innan någon hunnit larma. Detaljkoll, snabb fot, iskall under press. Den långsiktiga planeringen blir ibland lidande - för det dyker alltid upp en ny brand som behöver släckas först.;Hanterade en grävmaskinincident inom 90 minuter — inga personskador, inga försäkringskrav;Ledde övergången efter huvudentreprenörens konkurs en fredag eftermiddag — produktionen rullade på måndagen;Tog över ett projekt två veckor före slutbesiktning som tappat sju nyckelroller;Räddade en kvalitetsavvikelse på 47 lägenheter med en lösning varken arkitekten eller byggherren trott var möjlig;#7A2020;#7A2020;C:\Users\niklas.sviden\OneDrive - Åke Sundvalls Byggnads AB\SPELET 2\Bilder\Skapade bilder\COO Brandsläckaren.png;#7A2020;#FCF6EF
M31;Cardiganparken Etapp 4;CEO;Martin Sundvall;Martin;martin.sundvall@akesundvall.se;C:\Users\niklas.sviden\OneDrive - Åke Sundvalls Byggnads AB\SPELET 2\Bilder\Skapade bilder\Dotterbolag Cardiganparken Etapp 4.png;CEO-1;Skepparen;Vision & strategi;2;1;-;-;1;-;Står på berget och pekar. När alla andra ser molnen ser Riktningsgivaren horisonten. Stark hand på rodret och en gnista nytänkande - men frågar du om kvartalsbokslutet kommer det vara någon annan som svarar.;"Lade fram femårsstrategin ""Vägen mot 5000 lägenheter"" — antagen av styrelsen efter en eftermiddag";Vände bolagets riktning mot mixed-use efter en kaffe med kommunalrådet;Övertygade ägarna att avveckla logistikportföljen två år innan marknaden vände;Etablerade samarbete med internationellt arkitektkontor som ingen i branschen kände till;#7A2020;#7A2020;C:\Users\niklas.sviden\OneDrive - Åke Sundvalls Byggnads AB\SPELET 2\Bilder\Skapade bilder\CEO Skepparen.png;#7A2020;#FCF6EF
M31;Cardiganparken Etapp 4;CEO;Martin Sundvall;Martin;martin.sundvall@akesundvall.se;C:\Users\niklas.sviden\OneDrive - Åke Sundvalls Byggnads AB\SPELET 2\Bilder\Skapade bilder\Dotterbolag Cardiganparken Etapp 4.png;CEO-2;Förhandlaren;Affärer & relationer;1;2;1;-;-;-;Stänger affärer på bakplanet av en lunch och hinner samtidigt komma ihåg din frus namn. Skickligast i rummet på att få ett ja - men det betyder också att kalendern ofta gungar och detaljerna lämnas till någon annan.;Stängde markförvärvet i Norra Hamnen tre veckor före konkurrenten — handslag, papper sen;Förhandlade upp markpriset 9 % efter en gemensam middag;Räddade ett dröjande JV-avtal med ett samtal till ordförandens fru;Drev fyra parallella förhandlingar under en och samma kvartalspresentation;#7A2020;#7A2020;C:\Users\niklas.sviden\OneDrive - Åke Sundvalls Byggnads AB\SPELET 2\Bilder\Skapade bilder\CEO Förhandlaren.png;#7A2020;#FCF6EF
M31;Cardiganparken Etapp 4;CEO;Martin Sundvall;Martin;martin.sundvall@akesundvall.se;C:\Users\niklas.sviden\OneDrive - Åke Sundvalls Byggnads AB\SPELET 2\Bilder\Skapade bilder\Dotterbolag Cardiganparken Etapp 4.png;CEO-3;Värden;Företagskultur;1;1;-;-;-;2;Tror på att kulturen är hela husgrunden. Bygger ett bolag där folk vill stanna kvar - hög lojalitet, låg sjukfrånvaro, stabilt fundament. Tempot är mjukare och de hårda affärsbesluten kan dröja, men ingen blir kvarglömd på vägen.;Sänkte sjukfrånvaron från 8 % till 3 % på två år;Byggde mentorprogram som nu har tre års kö;Stoppade en redan annonserad omorganisation efter att ha läst stämningen rätt;"Tog hem ""Årets arbetsgivare"" samma år som bolaget gjorde sin lägsta marginal någonsin";#7A2020;#7A2020;C:\Users\niklas.sviden\OneDrive - Åke Sundvalls Byggnads AB\SPELET 2\Bilder\Skapade bilder\CEO Värden.png;#7A2020;#FCF6EF
M31;Cardiganparken Etapp 4;CEO;Martin Sundvall;Martin;martin.sundvall@akesundvall.se;C:\Users\niklas.sviden\OneDrive - Åke Sundvalls Byggnads AB\SPELET 2\Bilder\Skapade bilder\Dotterbolag Cardiganparken Etapp 4.png;CEO-4;Profilen;Profil & opinionsbildning;1;2;-;-;1;-;Talar i Almedalen, sitter i panel på Business Arena, citeras i DI varje torsdag. Sätter bolaget på kartan och drar nya kunder med ett tonfall - men huset hemma ska helst sköta sig självt under tiden.;Talade på tre rikstäckande paneler under samma vecka — tre olika budskap, alla väl mottagna;Citerades 47 gånger i Dagens Industri under ett år;Fick stadens kommunalråd att lyfta bolagets vision i nyårstalet;Lanserade en hashtag som tog över byggbranschen i sex månader;#7A2020;#7A2020;C:\Users\niklas.sviden\OneDrive - Åke Sundvalls Byggnads AB\SPELET 2\Bilder\Skapade bilder\CEO Profilen.png;#7A2020;#FCF6EF
M31;Cardiganparken Etapp 4;CEO;Martin Sundvall;Martin;martin.sundvall@akesundvall.se;C:\Users\niklas.sviden\OneDrive - Åke Sundvalls Byggnads AB\SPELET 2\Bilder\Skapade bilder\Dotterbolag Cardiganparken Etapp 4.png;CEO-5;Klippan;Krisledarskap;2;-;-;1;-;1;När larmet går blir alla lugnare bara av att se Klippan sätta sig vid bordet. Trygghet på riktigt, ordning i kaos och blick för säkerhet - men tystlåten i medvind, sällan den som tänder festen.;Höll bolaget samlat under huvudentreprenörens konkurs — inga uppsägningar, inga försenade etapper;Ledde insatsen efter översvämningen — alla uthyrda lägenheter bebodda igen inom åtta veckor;Tog över ledningen under förra VD:ns sjukskrivning utan att någon utomstående märkte;Hanterade en arbetsplatsolycka på ett sätt facket sedan höll fram som modellexempel;#7A2020;#7A2020;C:\Users\niklas.sviden\OneDrive - Åke Sundvalls Byggnads AB\SPELET 2\Bilder\Skapade bilder\CEO Klippan.png;#7A2020;#FCF6EF
M31;Cardiganparken Etapp 4;CEO;Martin Sundvall;Martin;martin.sundvall@akesundvall.se;C:\Users\niklas.sviden\OneDrive - Åke Sundvalls Byggnads AB\SPELET 2\Bilder\Skapade bilder\Dotterbolag Cardiganparken Etapp 4.png;CEO-6;Medlaren;Inkluderande ledarskap;1;1;2;-;-;-;Kallar in alla, lyssnar på alla, får alla med på båten. Beslut förankras stenhårt och ingen stångar emot på vägen ut ur rummet. Priset är att processen tar tid - och den första att bli otålig är konkurrenten.;Fick fyra disparata JV-partners att enas om gemensam utvecklingsplan på två workshops;Förenade två sammanslagna ledningsgrupper utan att en enda chef sa upp sig;Tog en kontroversiell omorganisation i mål efter ett halvårs förankring — inga interna utspel;Förhandlade fram en ny entreprenadmodell som både byggherre och entreprenör vill prata om publikt;#7A2020;#7A2020;C:\Users\niklas.sviden\OneDrive - Åke Sundvalls Byggnads AB\SPELET 2\Bilder\Skapade bilder\CEO Medlaren.png;#7A2020;#FCF6EF
M38;Cardiganparken Etapp 4;CFO;Per Hellquist;Per;per.hellquist@akesundvall.se;C:\Users\niklas.sviden\OneDrive - Åke Sundvalls Byggnads AB\SPELET 2\Bilder\Skapade bilder\Dotterbolag Cardiganparken Etapp 4.png;CFO-1;Rödpennan;Detaljerad ekonomi;1;-;1;2;-;-;Hittar tolvkronan i en hundramiljonersbudget och ringer dig om den klockan halv åtta på en torsdag. Inget passerar oupptäckt. Mindre lustig att sitta bredvid på en projektgenomgång - men kostnadskontrollen är kompromisslös.;Hittade en felaktig periodisering som kostat bolaget 4,2 mkr om året i tio år;Granskade 17 leverantörsavtal in i minsta detalj och förhandlade ner snittpriset 6,3 %;Implementerade kostnadsuppföljning per arbetspaket på alla projekt — projektcheferna grät de första två månaderna;Avslöjade ett mönster i ÄTA-arbeten som ledde till en tvist bolaget sedan vann;#7A2020;#7A2020;C:\Users\niklas.sviden\OneDrive - Åke Sundvalls Byggnads AB\SPELET 2\Bilder\Skapade bilder\CFO Rödpennan.png;#7A2020;#FCF6EF
M38;Cardiganparken Etapp 4;CFO;Per Hellquist;Per;per.hellquist@akesundvall.se;C:\Users\niklas.sviden\OneDrive - Åke Sundvalls Byggnads AB\SPELET 2\Bilder\Skapade bilder\Dotterbolag Cardiganparken Etapp 4.png;CFO-2;Strategen;Affärsstrategisk ekonomi;2;1;-;1;-;-;Räknar inte bara - bygger affärsmodellen från grunden. Ser portföljen som ett schackbräde och flyttar pjäserna med långsiktig blick. Om någon i ledningsgruppen ifrågasätter en investering har Strategen redan tre framtidsscenarier i bakfickan.;Modellerade tre finansieringsstrukturer för en stadsdelsutveckling — alla tre antogs av styrelsen, en valdes;Föreslog uppdelning av portföljen i två bolag tre år innan branschen följde efter;Konstruerade ett hybridlån som öppnade investeringsdörren på 1,4 mdr när banken hade stängt;Designade en avkastningsmodell som fortfarande används av bolagets investerargrupp;#7A2020;#7A2020;C:\Users\niklas.sviden\OneDrive - Åke Sundvalls Byggnads AB\SPELET 2\Bilder\Skapade bilder\CFO Strategen.png;#7A2020;#FCF6EF
M38;Cardiganparken Etapp 4;CFO;Per Hellquist;Per;per.hellquist@akesundvall.se;C:\Users\niklas.sviden\OneDrive - Åke Sundvalls Byggnads AB\SPELET 2\Bilder\Skapade bilder\Dotterbolag Cardiganparken Etapp 4.png;CFO-3;Vakthunden;Riskhantering;1;-;-;2;-;1;Försiktigheten på två ben. Säger nej oftare än ja och har elva worst-case-scenarier i varje föredragning. Räddar bolaget från det som aldrig händer - vilket är problemet, för man får aldrig veta hur många kriser som faktiskt undveks.;Avrådde från ett markförvärv tre månader före räntechocken — sparade bolaget uppskattningsvis 110 mkr;Implementerade ett scenarioarbete styrelsen nu kräver för varje förvärv över 50 mkr;Fick valutakursförsäkring på plats två veckor före kronfallet — inte tur, det stod i excelmodellen;Identifierade en juridisk svaghet i ett markköpsavtal som hade kunnat kosta bolaget hela investeringen;#7A2020;#7A2020;C:\Users\niklas.sviden\OneDrive - Åke Sundvalls Byggnads AB\SPELET 2\Bilder\Skapade bilder\CFO Vakthunden.png;#7A2020;#FCF6EF
M38;Cardiganparken Etapp 4;CFO;Per Hellquist;Per;per.hellquist@akesundvall.se;C:\Users\niklas.sviden\OneDrive - Åke Sundvalls Byggnads AB\SPELET 2\Bilder\Skapade bilder\Dotterbolag Cardiganparken Etapp 4.png;CFO-4;Statistikern;Modern controlling;-;1;-;1;2;-;Ekonomi i realtid på en dashboard som uppdateras varje natt klockan tre. Drar in BI-verktyg där andra fortfarande mejlar Excel-filer. Bygger framtidens controlling - så länge du står ut med entusiastiska föredragningar om datakvalitet.;Byggde en BI-plattform som gav projektmarginalsiffror i realtid — inte två månader senare;Implementerade rullande prognoser med scenarioanalys på fem variabler — styrelsen läser dem först av allt;Konsoliderade 12 olika excel-modeller till en enda Power BI-instans;Fick controllers från fyra dotterbolag att rapportera i samma datamodell — det tog ett år, men nu rullar det;#7A2020;#7A2020;C:\Users\niklas.sviden\OneDrive - Åke Sundvalls Byggnads AB\SPELET 2\Bilder\Skapade bilder\CFO Statistikern.png;#7A2020;#FCF6EF
M38;Cardiganparken Etapp 4;CFO;Per Hellquist;Per;per.hellquist@akesundvall.se;C:\Users\niklas.sviden\OneDrive - Åke Sundvalls Byggnads AB\SPELET 2\Bilder\Skapade bilder\Dotterbolag Cardiganparken Etapp 4.png;CFO-5;Berättaren;Investerar- & styrelsekommunikation;1;2;-;1;-;-;Förvandlar delårsrapporten från siffersoppa till berättelse. Styrelsen lyssnar, banken nickar, ägarna sover gott. Tar tid från detaljarbetet - men en CFO som kan kommunicera är värd flera procentenheter i förtroendekapital.;Skrev om årsredovisningen så att bankens kreditkommitté hörde av sig och bad hen komma och föreläsa;Höll emissionen lugn medan två konkurrenter pausade sina — investerarberättelsen höll;Fick en ovillig styrelseledamot att rösta för en kontroversiell investering med en enda slidesammanställning;Etablerade ett kvartalsformat för ägarkommunikation som inte ändrats på fem år — för att det fungerar;#7A2020;#7A2020;C:\Users\niklas.sviden\OneDrive - Åke Sundvalls Byggnads AB\SPELET 2\Bilder\Skapade bilder\CFO Berättaren.png;#7A2020;#FCF6EF
M38;Cardiganparken Etapp 4;CFO;Per Hellquist;Per;per.hellquist@akesundvall.se;C:\Users\niklas.sviden\OneDrive - Åke Sundvalls Byggnads AB\SPELET 2\Bilder\Skapade bilder\Dotterbolag Cardiganparken Etapp 4.png;CFO-6;Skattmästaren;Klassisk ekonomi;2;-;-;2;-;-;Trettio år i samma stol och har bokfört allt själv minst en gång. Stenhård budgetdisciplin, järnkoll på balansräkningen, traditionellt och ologiskt enkelt. Modern teknik är något andra får leka med - skattmästaren räknar för hand och stämmer alltid.;Bokslut levererat senast tre veckor efter periodslut — 17 år i rad;Stängde två gamla balansposter ingen vågat röra sedan tidigt 2000-tal;Fick revisorerna att skriva under utan en enda anmärkning fem år i rad;Vägrar adoptera nya redovisningsstandarder förrän de är obligatoriska — och har aldrig haft fel;#7A2020;#7A2020;C:\Users\niklas.sviden\OneDrive - Åke Sundvalls Byggnads AB\SPELET 2\Bilder\Skapade bilder\CFO Skattmästaren.png;#7A2020;#FCF6EF
M29;Champagneparken Utveckling;CEO;Maja Katzler;Maja;maja.katzler@akesundvall.se;C:\Users\niklas.sviden\OneDrive - Åke Sundvalls Byggnads AB\SPELET 2\Bilder\Skapade bilder\Dotterbolag Champagneparken Utveckling.png;CEO-1;Skepparen;Vision & strategi;2;1;-;-;1;-;Står på berget och pekar. När alla andra ser molnen ser Riktningsgivaren horisonten. Stark hand på rodret och en gnista nytänkande - men frågar du om kvartalsbokslutet kommer det vara någon annan som svarar.;"Lade fram femårsstrategin ""Vägen mot 5000 lägenheter"" — antagen av styrelsen efter en eftermiddag";Vände bolagets riktning mot mixed-use efter en kaffe med kommunalrådet;Övertygade ägarna att avveckla logistikportföljen två år innan marknaden vände;Etablerade samarbete med internationellt arkitektkontor som ingen i branschen kände till;#7A2020;#7A2020;C:\Users\niklas.sviden\OneDrive - Åke Sundvalls Byggnads AB\SPELET 2\Bilder\Skapade bilder\CEO Skepparen.png;#7A2020;#FCF6EF
M29;Champagneparken Utveckling;CEO;Maja Katzler;Maja;maja.katzler@akesundvall.se;C:\Users\niklas.sviden\OneDrive - Åke Sundvalls Byggnads AB\SPELET 2\Bilder\Skapade bilder\Dotterbolag Champagneparken Utveckling.png;CEO-2;Förhandlaren;Affärer & relationer;1;2;1;-;-;-;Stänger affärer på bakplanet av en lunch och hinner samtidigt komma ihåg din frus namn. Skickligast i rummet på att få ett ja - men det betyder också att kalendern ofta gungar och detaljerna lämnas till någon annan.;Stängde markförvärvet i Norra Hamnen tre veckor före konkurrenten — handslag, papper sen;Förhandlade upp markpriset 9 % efter en gemensam middag;Räddade ett dröjande JV-avtal med ett samtal till ordförandens fru;Drev fyra parallella förhandlingar under en och samma kvartalspresentation;#7A2020;#7A2020;C:\Users\niklas.sviden\OneDrive - Åke Sundvalls Byggnads AB\SPELET 2\Bilder\Skapade bilder\CEO Förhandlaren.png;#7A2020;#FCF6EF
M29;Champagneparken Utveckling;CEO;Maja Katzler;Maja;maja.katzler@akesundvall.se;C:\Users\niklas.sviden\OneDrive - Åke Sundvalls Byggnads AB\SPELET 2\Bilder\Skapade bilder\Dotterbolag Champagneparken Utveckling.png;CEO-3;Värden;Företagskultur;1;1;-;-;-;2;Tror på att kulturen är hela husgrunden. Bygger ett bolag där folk vill stanna kvar - hög lojalitet, låg sjukfrånvaro, stabilt fundament. Tempot är mjukare och de hårda affärsbesluten kan dröja, men ingen blir kvarglömd på vägen.;Sänkte sjukfrånvaron från 8 % till 3 % på två år;Byggde mentorprogram som nu har tre års kö;Stoppade en redan annonserad omorganisation efter att ha läst stämningen rätt;"Tog hem ""Årets arbetsgivare"" samma år som bolaget gjorde sin lägsta marginal någonsin";#7A2020;#7A2020;C:\Users\niklas.sviden\OneDrive - Åke Sundvalls Byggnads AB\SPELET 2\Bilder\Skapade bilder\CEO Värden.png;#7A2020;#FCF6EF
M29;Champagneparken Utveckling;CEO;Maja Katzler;Maja;maja.katzler@akesundvall.se;C:\Users\niklas.sviden\OneDrive - Åke Sundvalls Byggnads AB\SPELET 2\Bilder\Skapade bilder\Dotterbolag Champagneparken Utveckling.png;CEO-4;Profilen;Profil & opinionsbildning;1;2;-;-;1;-;Talar i Almedalen, sitter i panel på Business Arena, citeras i DI varje torsdag. Sätter bolaget på kartan och drar nya kunder med ett tonfall - men huset hemma ska helst sköta sig självt under tiden.;Talade på tre rikstäckande paneler under samma vecka — tre olika budskap, alla väl mottagna;Citerades 47 gånger i Dagens Industri under ett år;Fick stadens kommunalråd att lyfta bolagets vision i nyårstalet;Lanserade en hashtag som tog över byggbranschen i sex månader;#7A2020;#7A2020;C:\Users\niklas.sviden\OneDrive - Åke Sundvalls Byggnads AB\SPELET 2\Bilder\Skapade bilder\CEO Profilen.png;#7A2020;#FCF6EF
M29;Champagneparken Utveckling;CEO;Maja Katzler;Maja;maja.katzler@akesundvall.se;C:\Users\niklas.sviden\OneDrive - Åke Sundvalls Byggnads AB\SPELET 2\Bilder\Skapade bilder\Dotterbolag Champagneparken Utveckling.png;CEO-5;Klippan;Krisledarskap;2;-;-;1;-;1;När larmet går blir alla lugnare bara av att se Klippan sätta sig vid bordet. Trygghet på riktigt, ordning i kaos och blick för säkerhet - men tystlåten i medvind, sällan den som tänder festen.;Höll bolaget samlat under huvudentreprenörens konkurs — inga uppsägningar, inga försenade etapper;Ledde insatsen efter översvämningen — alla uthyrda lägenheter bebodda igen inom åtta veckor;Tog över ledningen under förra VD:ns sjukskrivning utan att någon utomstående märkte;Hanterade en arbetsplatsolycka på ett sätt facket sedan höll fram som modellexempel;#7A2020;#7A2020;C:\Users\niklas.sviden\OneDrive - Åke Sundvalls Byggnads AB\SPELET 2\Bilder\Skapade bilder\CEO Klippan.png;#7A2020;#FCF6EF
M29;Champagneparken Utveckling;CEO;Maja Katzler;Maja;maja.katzler@akesundvall.se;C:\Users\niklas.sviden\OneDrive - Åke Sundvalls Byggnads AB\SPELET 2\Bilder\Skapade bilder\Dotterbolag Champagneparken Utveckling.png;CEO-6;Medlaren;Inkluderande ledarskap;1;1;2;-;-;-;Kallar in alla, lyssnar på alla, får alla med på båten. Beslut förankras stenhårt och ingen stångar emot på vägen ut ur rummet. Priset är att processen tar tid - och den första att bli otålig är konkurrenten.;Fick fyra disparata JV-partners att enas om gemensam utvecklingsplan på två workshops;Förenade två sammanslagna ledningsgrupper utan att en enda chef sa upp sig;Tog en kontroversiell omorganisation i mål efter ett halvårs förankring — inga interna utspel;Förhandlade fram en ny entreprenadmodell som både byggherre och entreprenör vill prata om publikt;#7A2020;#7A2020;C:\Users\niklas.sviden\OneDrive - Åke Sundvalls Byggnads AB\SPELET 2\Bilder\Skapade bilder\CEO Medlaren.png;#7A2020;#FCF6EF
M41;Champagneparken Utveckling;COO;Samuel Emampoor;Samuel;samuel.emampoor@akesundvall.se;C:\Users\niklas.sviden\OneDrive - Åke Sundvalls Byggnads AB\SPELET 2\Bilder\Skapade bilder\Dotterbolag Champagneparken Utveckling.png;COO-1;Urmakaren;Drift & flöden;-;-;2;2;-;-;Får hjulen att snurra utan att någon märker hur. Allt flyter, alla deadlines hålls, leveransen kommer innan kunden ringt. Tar inte plats i rampljuset - men slutar Maskinrumsmästaren komma till jobbet stannar tåget på dag tre.;Optimerade leveransflödet på 14 byggprojekt — sänkte stilleståndstid med 22 %;Designade ett produktionsflöde där varje vecka börjar och slutar likadant;Halverade tiden från upphandling till spaden i jorden genom standardisering;Bytte till just-in-time-leverans på fönster och dörrar — ingen byggplats har klagat sedan;#7A2020;#7A2020;C:\Users\niklas.sviden\OneDrive - Åke Sundvalls Byggnads AB\SPELET 2\Bilder\Skapade bilder\COO Urmakaren.png;#7A2020;#FCF6EF
M41;Champagneparken Utveckling;COO;Samuel Emampoor;Samuel;samuel.emampoor@akesundvall.se;C:\Users\niklas.sviden\OneDrive - Åke Sundvalls Byggnads AB\SPELET 2\Bilder\Skapade bilder\Dotterbolag Champagneparken Utveckling.png;COO-2;Förmannen;Människor & miljö;-;1;1;-;-;2;Pratar med snickaren först och vd:n sist. Kör runt med kaffe och fångar upp signaler innan de blir konflikter. Lojaliteten i organisationen är skyhög - men styrelsen efterlyser ibland mer hårda siffror i föredragningarna.;Höll personalomsättningen under 4 % i fem år;Stoppade en arbetsmiljöincident som var på väg att bli allvarlig — dagen före;Fick byggarbetsplatserna att rapportera fler tillbud än någonsin tidigare — utan att någon kände sig påhoppad;"Drev igenom heta arbetstillstånd även där ""alla redan visste""";#7A2020;#7A2020;C:\Users\niklas.sviden\OneDrive - Åke Sundvalls Byggnads AB\SPELET 2\Bilder\Skapade bilder\COO Förmannen.png;#7A2020;#FCF6EF
M41;Champagneparken Utveckling;COO;Samuel Emampoor;Samuel;samuel.emampoor@akesundvall.se;C:\Users\niklas.sviden\OneDrive - Åke Sundvalls Byggnads AB\SPELET 2\Bilder\Skapade bilder\Dotterbolag Champagneparken Utveckling.png;COO-3;Generalen;Hård leverans;2;-;1;1;-;-;Säger nej oftare än ja och betyder det varje gång. Leveranserna kommer i tid, budgeten håller, ursäkterna saknas. Briljant i pressade lägen - men öppna hjärtan bygger inte Generalen, det är ABM-rapportens jobb.;Levererade Kvarteret Norra Stenen tre veckor före tidplan — och 9 % under budget;Bytte underentreprenör tre veckor in i ett projekt utan att tappa fart;Skickade tillbaka 23 ton armering med ord ingen i ledningen vill upprepa;Höll alla 11 milstolpar på sju parallella projekt under det år som mest gick fel i branschen;#7A2020;#7A2020;C:\Users\niklas.sviden\OneDrive - Åke Sundvalls Byggnads AB\SPELET 2\Bilder\Skapade bilder\COO Generalen.png;#7A2020;#FCF6EF
M41;Champagneparken Utveckling;COO;Samuel Emampoor;Samuel;samuel.emampoor@akesundvall.se;C:\Users\niklas.sviden\OneDrive - Åke Sundvalls Byggnads AB\SPELET 2\Bilder\Skapade bilder\Dotterbolag Champagneparken Utveckling.png;COO-4;Pionjären;Digital drift;-;-;1;1;2;-;Pilotar drönare över bygget och bygger om Excel till Power BI på en eftermiddag. Plockar bort minuter ur varje delprocess. Risk är att förändringen blir snabbare än organisationens mage - men det är en lyxoro.;Implementerade BIM på samtliga projekt — sex månader före branschsnittet;Byggde dashboards som ersatte 14 manuella excel-rapporter;Pilotade drönarinventering på två projekt — sparade 600 mantimmar enbart på lägeskontroller;Fick byggarbetsplatserna att skanna leveranskvitton i mobilen — försvunna fakturor: noll på två år;#7A2020;#7A2020;C:\Users\niklas.sviden\OneDrive - Åke Sundvalls Byggnads AB\SPELET 2\Bilder\Skapade bilder\COO Pionjären.png;#7A2020;#FCF6EF
M41;Champagneparken Utveckling;COO;Samuel Emampoor;Samuel;samuel.emampoor@akesundvall.se;C:\Users\niklas.sviden\OneDrive - Åke Sundvalls Byggnads AB\SPELET 2\Bilder\Skapade bilder\Dotterbolag Champagneparken Utveckling.png;COO-5;Bron;Tvärfunktionell samordning;-;1;2;-;-;1;Tolk mellan kontoret och fältet, mellan ekonomi och produktion, mellan styrelse och stomresare. Får människor som inte talar samma språk att förstå varandra ändå. Den dag Bron har semester ställs sex möten in.;Översatte mellan ekonomi och produktion under en tre månader lång konflikt — de pratar fortfarande;Designade ett samordningsmöte på 30 minuter som ersatte tre möten på sammanlagt fyra timmar;Fick styrelsen och stomresarna att förstå varandras kalendrar efter sju år av missförstånd;Etablerade ett gemensamt språk mellan inköp och projekt som överlevt två organisationsförändringar;#7A2020;#7A2020;C:\Users\niklas.sviden\OneDrive - Åke Sundvalls Byggnads AB\SPELET 2\Bilder\Skapade bilder\COO Bron.png;#7A2020;#FCF6EF
M41;Champagneparken Utveckling;COO;Samuel Emampoor;Samuel;samuel.emampoor@akesundvall.se;C:\Users\niklas.sviden\OneDrive - Åke Sundvalls Byggnads AB\SPELET 2\Bilder\Skapade bilder\Dotterbolag Champagneparken Utveckling.png;COO-6;Brandsläckaren;Akutoperationer;1;-;-;2;-;1;Står där det brinner och rycker ut innan någon hunnit larma. Detaljkoll, snabb fot, iskall under press. Den långsiktiga planeringen blir ibland lidande - för det dyker alltid upp en ny brand som behöver släckas först.;Hanterade en grävmaskinincident inom 90 minuter — inga personskador, inga försäkringskrav;Ledde övergången efter huvudentreprenörens konkurs en fredag eftermiddag — produktionen rullade på måndagen;Tog över ett projekt två veckor före slutbesiktning som tappat sju nyckelroller;Räddade en kvalitetsavvikelse på 47 lägenheter med en lösning varken arkitekten eller byggherren trott var möjlig;#7A2020;#7A2020;C:\Users\niklas.sviden\OneDrive - Åke Sundvalls Byggnads AB\SPELET 2\Bilder\Skapade bilder\COO Brandsläckaren.png;#7A2020;#FCF6EF
M47;Champagneparken Utveckling;CFO;Thomas Slagbrand;Thomas;thomas.slagbrand@akesundvall.se;C:\Users\niklas.sviden\OneDrive - Åke Sundvalls Byggnads AB\SPELET 2\Bilder\Skapade bilder\Dotterbolag Champagneparken Utveckling.png;CFO-1;Rödpennan;Detaljerad ekonomi;1;-;1;2;-;-;Hittar tolvkronan i en hundramiljonersbudget och ringer dig om den klockan halv åtta på en torsdag. Inget passerar oupptäckt. Mindre lustig att sitta bredvid på en projektgenomgång - men kostnadskontrollen är kompromisslös.;Hittade en felaktig periodisering som kostat bolaget 4,2 mkr om året i tio år;Granskade 17 leverantörsavtal in i minsta detalj och förhandlade ner snittpriset 6,3 %;Implementerade kostnadsuppföljning per arbetspaket på alla projekt — projektcheferna grät de första två månaderna;Avslöjade ett mönster i ÄTA-arbeten som ledde till en tvist bolaget sedan vann;#7A2020;#7A2020;C:\Users\niklas.sviden\OneDrive - Åke Sundvalls Byggnads AB\SPELET 2\Bilder\Skapade bilder\CFO Rödpennan.png;#7A2020;#FCF6EF
M47;Champagneparken Utveckling;CFO;Thomas Slagbrand;Thomas;thomas.slagbrand@akesundvall.se;C:\Users\niklas.sviden\OneDrive - Åke Sundvalls Byggnads AB\SPELET 2\Bilder\Skapade bilder\Dotterbolag Champagneparken Utveckling.png;CFO-2;Strategen;Affärsstrategisk ekonomi;2;1;-;1;-;-;Räknar inte bara - bygger affärsmodellen från grunden. Ser portföljen som ett schackbräde och flyttar pjäserna med långsiktig blick. Om någon i ledningsgruppen ifrågasätter en investering har Strategen redan tre framtidsscenarier i bakfickan.;Modellerade tre finansieringsstrukturer för en stadsdelsutveckling — alla tre antogs av styrelsen, en valdes;Föreslog uppdelning av portföljen i två bolag tre år innan branschen följde efter;Konstruerade ett hybridlån som öppnade investeringsdörren på 1,4 mdr när banken hade stängt;Designade en avkastningsmodell som fortfarande används av bolagets investerargrupp;#7A2020;#7A2020;C:\Users\niklas.sviden\OneDrive - Åke Sundvalls Byggnads AB\SPELET 2\Bilder\Skapade bilder\CFO Strategen.png;#7A2020;#FCF6EF
M47;Champagneparken Utveckling;CFO;Thomas Slagbrand;Thomas;thomas.slagbrand@akesundvall.se;C:\Users\niklas.sviden\OneDrive - Åke Sundvalls Byggnads AB\SPELET 2\Bilder\Skapade bilder\Dotterbolag Champagneparken Utveckling.png;CFO-3;Vakthunden;Riskhantering;1;-;-;2;-;1;Försiktigheten på två ben. Säger nej oftare än ja och har elva worst-case-scenarier i varje föredragning. Räddar bolaget från det som aldrig händer - vilket är problemet, för man får aldrig veta hur många kriser som faktiskt undveks.;Avrådde från ett markförvärv tre månader före räntechocken — sparade bolaget uppskattningsvis 110 mkr;Implementerade ett scenarioarbete styrelsen nu kräver för varje förvärv över 50 mkr;Fick valutakursförsäkring på plats två veckor före kronfallet — inte tur, det stod i excelmodellen;Identifierade en juridisk svaghet i ett markköpsavtal som hade kunnat kosta bolaget hela investeringen;#7A2020;#7A2020;C:\Users\niklas.sviden\OneDrive - Åke Sundvalls Byggnads AB\SPELET 2\Bilder\Skapade bilder\CFO Vakthunden.png;#7A2020;#FCF6EF
M47;Champagneparken Utveckling;CFO;Thomas Slagbrand;Thomas;thomas.slagbrand@akesundvall.se;C:\Users\niklas.sviden\OneDrive - Åke Sundvalls Byggnads AB\SPELET 2\Bilder\Skapade bilder\Dotterbolag Champagneparken Utveckling.png;CFO-4;Statistikern;Modern controlling;-;1;-;1;2;-;Ekonomi i realtid på en dashboard som uppdateras varje natt klockan tre. Drar in BI-verktyg där andra fortfarande mejlar Excel-filer. Bygger framtidens controlling - så länge du står ut med entusiastiska föredragningar om datakvalitet.;Byggde en BI-plattform som gav projektmarginalsiffror i realtid — inte två månader senare;Implementerade rullande prognoser med scenarioanalys på fem variabler — styrelsen läser dem först av allt;Konsoliderade 12 olika excel-modeller till en enda Power BI-instans;Fick controllers från fyra dotterbolag att rapportera i samma datamodell — det tog ett år, men nu rullar det;#7A2020;#7A2020;C:\Users\niklas.sviden\OneDrive - Åke Sundvalls Byggnads AB\SPELET 2\Bilder\Skapade bilder\CFO Statistikern.png;#7A2020;#FCF6EF
M47;Champagneparken Utveckling;CFO;Thomas Slagbrand;Thomas;thomas.slagbrand@akesundvall.se;C:\Users\niklas.sviden\OneDrive - Åke Sundvalls Byggnads AB\SPELET 2\Bilder\Skapade bilder\Dotterbolag Champagneparken Utveckling.png;CFO-5;Berättaren;Investerar- & styrelsekommunikation;1;2;-;1;-;-;Förvandlar delårsrapporten från siffersoppa till berättelse. Styrelsen lyssnar, banken nickar, ägarna sover gott. Tar tid från detaljarbetet - men en CFO som kan kommunicera är värd flera procentenheter i förtroendekapital.;Skrev om årsredovisningen så att bankens kreditkommitté hörde av sig och bad hen komma och föreläsa;Höll emissionen lugn medan två konkurrenter pausade sina — investerarberättelsen höll;Fick en ovillig styrelseledamot att rösta för en kontroversiell investering med en enda slidesammanställning;Etablerade ett kvartalsformat för ägarkommunikation som inte ändrats på fem år — för att det fungerar;#7A2020;#7A2020;C:\Users\niklas.sviden\OneDrive - Åke Sundvalls Byggnads AB\SPELET 2\Bilder\Skapade bilder\CFO Berättaren.png;#7A2020;#FCF6EF
M47;Champagneparken Utveckling;CFO;Thomas Slagbrand;Thomas;thomas.slagbrand@akesundvall.se;C:\Users\niklas.sviden\OneDrive - Åke Sundvalls Byggnads AB\SPELET 2\Bilder\Skapade bilder\Dotterbolag Champagneparken Utveckling.png;CFO-6;Skattmästaren;Klassisk ekonomi;2;-;-;2;-;-;Trettio år i samma stol och har bokfört allt själv minst en gång. Stenhård budgetdisciplin, järnkoll på balansräkningen, traditionellt och ologiskt enkelt. Modern teknik är något andra får leka med - skattmästaren räknar för hand och stämmer alltid.;Bokslut levererat senast tre veckor efter periodslut — 17 år i rad;Stängde två gamla balansposter ingen vågat röra sedan tidigt 2000-tal;Fick revisorerna att skriva under utan en enda anmärkning fem år i rad;Vägrar adoptera nya redovisningsstandarder förrän de är obligatoriska — och har aldrig haft fel;#7A2020;#7A2020;C:\Users\niklas.sviden\OneDrive - Åke Sundvalls Byggnads AB\SPELET 2\Bilder\Skapade bilder\CFO Skattmästaren.png;#7A2020;#FCF6EF
M3;Cornelia Stadsutveckling AB;CEO;Alice Fazel;Alice;alice.fazel@akesundvall.se;C:\Users\niklas.sviden\OneDrive - Åke Sundvalls Byggnads AB\SPELET 2\Bilder\Skapade bilder\Dotterbolag Cornelia Stadsutveckling AB.png;CEO-1;Skepparen;Vision & strategi;2;1;-;-;1;-;Står på berget och pekar. När alla andra ser molnen ser Riktningsgivaren horisonten. Stark hand på rodret och en gnista nytänkande - men frågar du om kvartalsbokslutet kommer det vara någon annan som svarar.;"Lade fram femårsstrategin ""Vägen mot 5000 lägenheter"" — antagen av styrelsen efter en eftermiddag";Vände bolagets riktning mot mixed-use efter en kaffe med kommunalrådet;Övertygade ägarna att avveckla logistikportföljen två år innan marknaden vände;Etablerade samarbete med internationellt arkitektkontor som ingen i branschen kände till;#7A2020;#7A2020;C:\Users\niklas.sviden\OneDrive - Åke Sundvalls Byggnads AB\SPELET 2\Bilder\Skapade bilder\CEO Skepparen.png;#7A2020;#FCF6EF
M3;Cornelia Stadsutveckling AB;CEO;Alice Fazel;Alice;alice.fazel@akesundvall.se;C:\Users\niklas.sviden\OneDrive - Åke Sundvalls Byggnads AB\SPELET 2\Bilder\Skapade bilder\Dotterbolag Cornelia Stadsutveckling AB.png;CEO-2;Förhandlaren;Affärer & relationer;1;2;1;-;-;-;Stänger affärer på bakplanet av en lunch och hinner samtidigt komma ihåg din frus namn. Skickligast i rummet på att få ett ja - men det betyder också att kalendern ofta gungar och detaljerna lämnas till någon annan.;Stängde markförvärvet i Norra Hamnen tre veckor före konkurrenten — handslag, papper sen;Förhandlade upp markpriset 9 % efter en gemensam middag;Räddade ett dröjande JV-avtal med ett samtal till ordförandens fru;Drev fyra parallella förhandlingar under en och samma kvartalspresentation;#7A2020;#7A2020;C:\Users\niklas.sviden\OneDrive - Åke Sundvalls Byggnads AB\SPELET 2\Bilder\Skapade bilder\CEO Förhandlaren.png;#7A2020;#FCF6EF
M3;Cornelia Stadsutveckling AB;CEO;Alice Fazel;Alice;alice.fazel@akesundvall.se;C:\Users\niklas.sviden\OneDrive - Åke Sundvalls Byggnads AB\SPELET 2\Bilder\Skapade bilder\Dotterbolag Cornelia Stadsutveckling AB.png;CEO-3;Värden;Företagskultur;1;1;-;-;-;2;Tror på att kulturen är hela husgrunden. Bygger ett bolag där folk vill stanna kvar - hög lojalitet, låg sjukfrånvaro, stabilt fundament. Tempot är mjukare och de hårda affärsbesluten kan dröja, men ingen blir kvarglömd på vägen.;Sänkte sjukfrånvaron från 8 % till 3 % på två år;Byggde mentorprogram som nu har tre års kö;Stoppade en redan annonserad omorganisation efter att ha läst stämningen rätt;"Tog hem ""Årets arbetsgivare"" samma år som bolaget gjorde sin lägsta marginal någonsin";#7A2020;#7A2020;C:\Users\niklas.sviden\OneDrive - Åke Sundvalls Byggnads AB\SPELET 2\Bilder\Skapade bilder\CEO Värden.png;#7A2020;#FCF6EF
M3;Cornelia Stadsutveckling AB;CEO;Alice Fazel;Alice;alice.fazel@akesundvall.se;C:\Users\niklas.sviden\OneDrive - Åke Sundvalls Byggnads AB\SPELET 2\Bilder\Skapade bilder\Dotterbolag Cornelia Stadsutveckling AB.png;CEO-4;Profilen;Profil & opinionsbildning;1;2;-;-;1;-;Talar i Almedalen, sitter i panel på Business Arena, citeras i DI varje torsdag. Sätter bolaget på kartan och drar nya kunder med ett tonfall - men huset hemma ska helst sköta sig självt under tiden.;Talade på tre rikstäckande paneler under samma vecka — tre olika budskap, alla väl mottagna;Citerades 47 gånger i Dagens Industri under ett år;Fick stadens kommunalråd att lyfta bolagets vision i nyårstalet;Lanserade en hashtag som tog över byggbranschen i sex månader;#7A2020;#7A2020;C:\Users\niklas.sviden\OneDrive - Åke Sundvalls Byggnads AB\SPELET 2\Bilder\Skapade bilder\CEO Profilen.png;#7A2020;#FCF6EF
M3;Cornelia Stadsutveckling AB;CEO;Alice Fazel;Alice;alice.fazel@akesundvall.se;C:\Users\niklas.sviden\OneDrive - Åke Sundvalls Byggnads AB\SPELET 2\Bilder\Skapade bilder\Dotterbolag Cornelia Stadsutveckling AB.png;CEO-5;Klippan;Krisledarskap;2;-;-;1;-;1;När larmet går blir alla lugnare bara av att se Klippan sätta sig vid bordet. Trygghet på riktigt, ordning i kaos och blick för säkerhet - men tystlåten i medvind, sällan den som tänder festen.;Höll bolaget samlat under huvudentreprenörens konkurs — inga uppsägningar, inga försenade etapper;Ledde insatsen efter översvämningen — alla uthyrda lägenheter bebodda igen inom åtta veckor;Tog över ledningen under förra VD:ns sjukskrivning utan att någon utomstående märkte;Hanterade en arbetsplatsolycka på ett sätt facket sedan höll fram som modellexempel;#7A2020;#7A2020;C:\Users\niklas.sviden\OneDrive - Åke Sundvalls Byggnads AB\SPELET 2\Bilder\Skapade bilder\CEO Klippan.png;#7A2020;#FCF6EF
M3;Cornelia Stadsutveckling AB;CEO;Alice Fazel;Alice;alice.fazel@akesundvall.se;C:\Users\niklas.sviden\OneDrive - Åke Sundvalls Byggnads AB\SPELET 2\Bilder\Skapade bilder\Dotterbolag Cornelia Stadsutveckling AB.png;CEO-6;Medlaren;Inkluderande ledarskap;1;1;2;-;-;-;Kallar in alla, lyssnar på alla, får alla med på båten. Beslut förankras stenhårt och ingen stångar emot på vägen ut ur rummet. Priset är att processen tar tid - och den första att bli otålig är konkurrenten.;Fick fyra disparata JV-partners att enas om gemensam utvecklingsplan på två workshops;Förenade två sammanslagna ledningsgrupper utan att en enda chef sa upp sig;Tog en kontroversiell omorganisation i mål efter ett halvårs förankring — inga interna utspel;Förhandlade fram en ny entreprenadmodell som både byggherre och entreprenör vill prata om publikt;#7A2020;#7A2020;C:\Users\niklas.sviden\OneDrive - Åke Sundvalls Byggnads AB\SPELET 2\Bilder\Skapade bilder\CEO Medlaren.png;#7A2020;#FCF6EF
M35;Cornelia Stadsutveckling AB;COO;Nina Khosravi;Nina;nina.khosravi@akesundvall.se;C:\Users\niklas.sviden\OneDrive - Åke Sundvalls Byggnads AB\SPELET 2\Bilder\Skapade bilder\Dotterbolag Cornelia Stadsutveckling AB.png;COO-1;Urmakaren;Drift & flöden;-;-;2;2;-;-;Får hjulen att snurra utan att någon märker hur. Allt flyter, alla deadlines hålls, leveransen kommer innan kunden ringt. Tar inte plats i rampljuset - men slutar Maskinrumsmästaren komma till jobbet stannar tåget på dag tre.;Optimerade leveransflödet på 14 byggprojekt — sänkte stilleståndstid med 22 %;Designade ett produktionsflöde där varje vecka börjar och slutar likadant;Halverade tiden från upphandling till spaden i jorden genom standardisering;Bytte till just-in-time-leverans på fönster och dörrar — ingen byggplats har klagat sedan;#7A2020;#7A2020;C:\Users\niklas.sviden\OneDrive - Åke Sundvalls Byggnads AB\SPELET 2\Bilder\Skapade bilder\COO Urmakaren.png;#7A2020;#FCF6EF
M35;Cornelia Stadsutveckling AB;COO;Nina Khosravi;Nina;nina.khosravi@akesundvall.se;C:\Users\niklas.sviden\OneDrive - Åke Sundvalls Byggnads AB\SPELET 2\Bilder\Skapade bilder\Dotterbolag Cornelia Stadsutveckling AB.png;COO-2;Förmannen;Människor & miljö;-;1;1;-;-;2;Pratar med snickaren först och vd:n sist. Kör runt med kaffe och fångar upp signaler innan de blir konflikter. Lojaliteten i organisationen är skyhög - men styrelsen efterlyser ibland mer hårda siffror i föredragningarna.;Höll personalomsättningen under 4 % i fem år;Stoppade en arbetsmiljöincident som var på väg att bli allvarlig — dagen före;Fick byggarbetsplatserna att rapportera fler tillbud än någonsin tidigare — utan att någon kände sig påhoppad;"Drev igenom heta arbetstillstånd även där ""alla redan visste""";#7A2020;#7A2020;C:\Users\niklas.sviden\OneDrive - Åke Sundvalls Byggnads AB\SPELET 2\Bilder\Skapade bilder\COO Förmannen.png;#7A2020;#FCF6EF
M35;Cornelia Stadsutveckling AB;COO;Nina Khosravi;Nina;nina.khosravi@akesundvall.se;C:\Users\niklas.sviden\OneDrive - Åke Sundvalls Byggnads AB\SPELET 2\Bilder\Skapade bilder\Dotterbolag Cornelia Stadsutveckling AB.png;COO-3;Generalen;Hård leverans;2;-;1;1;-;-;Säger nej oftare än ja och betyder det varje gång. Leveranserna kommer i tid, budgeten håller, ursäkterna saknas. Briljant i pressade lägen - men öppna hjärtan bygger inte Generalen, det är ABM-rapportens jobb.;Levererade Kvarteret Norra Stenen tre veckor före tidplan — och 9 % under budget;Bytte underentreprenör tre veckor in i ett projekt utan att tappa fart;Skickade tillbaka 23 ton armering med ord ingen i ledningen vill upprepa;Höll alla 11 milstolpar på sju parallella projekt under det år som mest gick fel i branschen;#7A2020;#7A2020;C:\Users\niklas.sviden\OneDrive - Åke Sundvalls Byggnads AB\SPELET 2\Bilder\Skapade bilder\COO Generalen.png;#7A2020;#FCF6EF
M35;Cornelia Stadsutveckling AB;COO;Nina Khosravi;Nina;nina.khosravi@akesundvall.se;C:\Users\niklas.sviden\OneDrive - Åke Sundvalls Byggnads AB\SPELET 2\Bilder\Skapade bilder\Dotterbolag Cornelia Stadsutveckling AB.png;COO-4;Pionjären;Digital drift;-;-;1;1;2;-;Pilotar drönare över bygget och bygger om Excel till Power BI på en eftermiddag. Plockar bort minuter ur varje delprocess. Risk är att förändringen blir snabbare än organisationens mage - men det är en lyxoro.;Implementerade BIM på samtliga projekt — sex månader före branschsnittet;Byggde dashboards som ersatte 14 manuella excel-rapporter;Pilotade drönarinventering på två projekt — sparade 600 mantimmar enbart på lägeskontroller;Fick byggarbetsplatserna att skanna leveranskvitton i mobilen — försvunna fakturor: noll på två år;#7A2020;#7A2020;C:\Users\niklas.sviden\OneDrive - Åke Sundvalls Byggnads AB\SPELET 2\Bilder\Skapade bilder\COO Pionjären.png;#7A2020;#FCF6EF
M35;Cornelia Stadsutveckling AB;COO;Nina Khosravi;Nina;nina.khosravi@akesundvall.se;C:\Users\niklas.sviden\OneDrive - Åke Sundvalls Byggnads AB\SPELET 2\Bilder\Skapade bilder\Dotterbolag Cornelia Stadsutveckling AB.png;COO-5;Bron;Tvärfunktionell samordning;-;1;2;-;-;1;Tolk mellan kontoret och fältet, mellan ekonomi och produktion, mellan styrelse och stomresare. Får människor som inte talar samma språk att förstå varandra ändå. Den dag Bron har semester ställs sex möten in.;Översatte mellan ekonomi och produktion under en tre månader lång konflikt — de pratar fortfarande;Designade ett samordningsmöte på 30 minuter som ersatte tre möten på sammanlagt fyra timmar;Fick styrelsen och stomresarna att förstå varandras kalendrar efter sju år av missförstånd;Etablerade ett gemensamt språk mellan inköp och projekt som överlevt två organisationsförändringar;#7A2020;#7A2020;C:\Users\niklas.sviden\OneDrive - Åke Sundvalls Byggnads AB\SPELET 2\Bilder\Skapade bilder\COO Bron.png;#7A2020;#FCF6EF
M35;Cornelia Stadsutveckling AB;COO;Nina Khosravi;Nina;nina.khosravi@akesundvall.se;C:\Users\niklas.sviden\OneDrive - Åke Sundvalls Byggnads AB\SPELET 2\Bilder\Skapade bilder\Dotterbolag Cornelia Stadsutveckling AB.png;COO-6;Brandsläckaren;Akutoperationer;1;-;-;2;-;1;Står där det brinner och rycker ut innan någon hunnit larma. Detaljkoll, snabb fot, iskall under press. Den långsiktiga planeringen blir ibland lidande - för det dyker alltid upp en ny brand som behöver släckas först.;Hanterade en grävmaskinincident inom 90 minuter — inga personskador, inga försäkringskrav;Ledde övergången efter huvudentreprenörens konkurs en fredag eftermiddag — produktionen rullade på måndagen;Tog över ett projekt två veckor före slutbesiktning som tappat sju nyckelroller;Räddade en kvalitetsavvikelse på 47 lägenheter med en lösning varken arkitekten eller byggherren trott var möjlig;#7A2020;#7A2020;C:\Users\niklas.sviden\OneDrive - Åke Sundvalls Byggnads AB\SPELET 2\Bilder\Skapade bilder\COO Brandsläckaren.png;#7A2020;#FCF6EF
M51;Cornelia Stadsutveckling AB;CFO;Viktor Sundvall;Viktor;viktor.sundvall@akesundvall.se;C:\Users\niklas.sviden\OneDrive - Åke Sundvalls Byggnads AB\SPELET 2\Bilder\Skapade bilder\Dotterbolag Cornelia Stadsutveckling AB.png;CFO-1;Rödpennan;Detaljerad ekonomi;1;-;1;2;-;-;Hittar tolvkronan i en hundramiljonersbudget och ringer dig om den klockan halv åtta på en torsdag. Inget passerar oupptäckt. Mindre lustig att sitta bredvid på en projektgenomgång - men kostnadskontrollen är kompromisslös.;Hittade en felaktig periodisering som kostat bolaget 4,2 mkr om året i tio år;Granskade 17 leverantörsavtal in i minsta detalj och förhandlade ner snittpriset 6,3 %;Implementerade kostnadsuppföljning per arbetspaket på alla projekt — projektcheferna grät de första två månaderna;Avslöjade ett mönster i ÄTA-arbeten som ledde till en tvist bolaget sedan vann;#7A2020;#7A2020;C:\Users\niklas.sviden\OneDrive - Åke Sundvalls Byggnads AB\SPELET 2\Bilder\Skapade bilder\CFO Rödpennan.png;#7A2020;#FCF6EF
M51;Cornelia Stadsutveckling AB;CFO;Viktor Sundvall;Viktor;viktor.sundvall@akesundvall.se;C:\Users\niklas.sviden\OneDrive - Åke Sundvalls Byggnads AB\SPELET 2\Bilder\Skapade bilder\Dotterbolag Cornelia Stadsutveckling AB.png;CFO-2;Strategen;Affärsstrategisk ekonomi;2;1;-;1;-;-;Räknar inte bara - bygger affärsmodellen från grunden. Ser portföljen som ett schackbräde och flyttar pjäserna med långsiktig blick. Om någon i ledningsgruppen ifrågasätter en investering har Strategen redan tre framtidsscenarier i bakfickan.;Modellerade tre finansieringsstrukturer för en stadsdelsutveckling — alla tre antogs av styrelsen, en valdes;Föreslog uppdelning av portföljen i två bolag tre år innan branschen följde efter;Konstruerade ett hybridlån som öppnade investeringsdörren på 1,4 mdr när banken hade stängt;Designade en avkastningsmodell som fortfarande används av bolagets investerargrupp;#7A2020;#7A2020;C:\Users\niklas.sviden\OneDrive - Åke Sundvalls Byggnads AB\SPELET 2\Bilder\Skapade bilder\CFO Strategen.png;#7A2020;#FCF6EF
M51;Cornelia Stadsutveckling AB;CFO;Viktor Sundvall;Viktor;viktor.sundvall@akesundvall.se;C:\Users\niklas.sviden\OneDrive - Åke Sundvalls Byggnads AB\SPELET 2\Bilder\Skapade bilder\Dotterbolag Cornelia Stadsutveckling AB.png;CFO-3;Vakthunden;Riskhantering;1;-;-;2;-;1;Försiktigheten på två ben. Säger nej oftare än ja och har elva worst-case-scenarier i varje föredragning. Räddar bolaget från det som aldrig händer - vilket är problemet, för man får aldrig veta hur många kriser som faktiskt undveks.;Avrådde från ett markförvärv tre månader före räntechocken — sparade bolaget uppskattningsvis 110 mkr;Implementerade ett scenarioarbete styrelsen nu kräver för varje förvärv över 50 mkr;Fick valutakursförsäkring på plats två veckor före kronfallet — inte tur, det stod i excelmodellen;Identifierade en juridisk svaghet i ett markköpsavtal som hade kunnat kosta bolaget hela investeringen;#7A2020;#7A2020;C:\Users\niklas.sviden\OneDrive - Åke Sundvalls Byggnads AB\SPELET 2\Bilder\Skapade bilder\CFO Vakthunden.png;#7A2020;#FCF6EF
M51;Cornelia Stadsutveckling AB;CFO;Viktor Sundvall;Viktor;viktor.sundvall@akesundvall.se;C:\Users\niklas.sviden\OneDrive - Åke Sundvalls Byggnads AB\SPELET 2\Bilder\Skapade bilder\Dotterbolag Cornelia Stadsutveckling AB.png;CFO-4;Statistikern;Modern controlling;-;1;-;1;2;-;Ekonomi i realtid på en dashboard som uppdateras varje natt klockan tre. Drar in BI-verktyg där andra fortfarande mejlar Excel-filer. Bygger framtidens controlling - så länge du står ut med entusiastiska föredragningar om datakvalitet.;Byggde en BI-plattform som gav projektmarginalsiffror i realtid — inte två månader senare;Implementerade rullande prognoser med scenarioanalys på fem variabler — styrelsen läser dem först av allt;Konsoliderade 12 olika excel-modeller till en enda Power BI-instans;Fick controllers från fyra dotterbolag att rapportera i samma datamodell — det tog ett år, men nu rullar det;#7A2020;#7A2020;C:\Users\niklas.sviden\OneDrive - Åke Sundvalls Byggnads AB\SPELET 2\Bilder\Skapade bilder\CFO Statistikern.png;#7A2020;#FCF6EF
M51;Cornelia Stadsutveckling AB;CFO;Viktor Sundvall;Viktor;viktor.sundvall@akesundvall.se;C:\Users\niklas.sviden\OneDrive - Åke Sundvalls Byggnads AB\SPELET 2\Bilder\Skapade bilder\Dotterbolag Cornelia Stadsutveckling AB.png;CFO-5;Berättaren;Investerar- & styrelsekommunikation;1;2;-;1;-;-;Förvandlar delårsrapporten från siffersoppa till berättelse. Styrelsen lyssnar, banken nickar, ägarna sover gott. Tar tid från detaljarbetet - men en CFO som kan kommunicera är värd flera procentenheter i förtroendekapital.;Skrev om årsredovisningen så att bankens kreditkommitté hörde av sig och bad hen komma och föreläsa;Höll emissionen lugn medan två konkurrenter pausade sina — investerarberättelsen höll;Fick en ovillig styrelseledamot att rösta för en kontroversiell investering med en enda slidesammanställning;Etablerade ett kvartalsformat för ägarkommunikation som inte ändrats på fem år — för att det fungerar;#7A2020;#7A2020;C:\Users\niklas.sviden\OneDrive - Åke Sundvalls Byggnads AB\SPELET 2\Bilder\Skapade bilder\CFO Berättaren.png;#7A2020;#FCF6EF
M51;Cornelia Stadsutveckling AB;CFO;Viktor Sundvall;Viktor;viktor.sundvall@akesundvall.se;C:\Users\niklas.sviden\OneDrive - Åke Sundvalls Byggnads AB\SPELET 2\Bilder\Skapade bilder\Dotterbolag Cornelia Stadsutveckling AB.png;CFO-6;Skattmästaren;Klassisk ekonomi;2;-;-;2;-;-;Trettio år i samma stol och har bokfört allt själv minst en gång. Stenhård budgetdisciplin, järnkoll på balansräkningen, traditionellt och ologiskt enkelt. Modern teknik är något andra får leka med - skattmästaren räknar för hand och stämmer alltid.;Bokslut levererat senast tre veckor efter periodslut — 17 år i rad;Stängde två gamla balansposter ingen vågat röra sedan tidigt 2000-tal;Fick revisorerna att skriva under utan en enda anmärkning fem år i rad;Vägrar adoptera nya redovisningsstandarder förrän de är obligatoriska — och har aldrig haft fel;#7A2020;#7A2020;C:\Users\niklas.sviden\OneDrive - Åke Sundvalls Byggnads AB\SPELET 2\Bilder\Skapade bilder\CFO Skattmästaren.png;#7A2020;#FCF6EF
M1;Etapp 22 Stadsbygg AB;CFO;Adam Hamid;Adam;adam.hamid@akesundvall.se;C:\Users\niklas.sviden\OneDrive - Åke Sundvalls Byggnads AB\SPELET 2\Bilder\Skapade bilder\Dotterbolag Etapp 22 Stadsbygg AB.png;CFO-1;Rödpennan;Detaljerad ekonomi;1;-;1;2;-;-;Hittar tolvkronan i en hundramiljonersbudget och ringer dig om den klockan halv åtta på en torsdag. Inget passerar oupptäckt. Mindre lustig att sitta bredvid på en projektgenomgång - men kostnadskontrollen är kompromisslös.;Hittade en felaktig periodisering som kostat bolaget 4,2 mkr om året i tio år;Granskade 17 leverantörsavtal in i minsta detalj och förhandlade ner snittpriset 6,3 %;Implementerade kostnadsuppföljning per arbetspaket på alla projekt — projektcheferna grät de första två månaderna;Avslöjade ett mönster i ÄTA-arbeten som ledde till en tvist bolaget sedan vann;#7A2020;#7A2020;C:\Users\niklas.sviden\OneDrive - Åke Sundvalls Byggnads AB\SPELET 2\Bilder\Skapade bilder\CFO Rödpennan.png;#7A2020;#FCF6EF
M1;Etapp 22 Stadsbygg AB;CFO;Adam Hamid;Adam;adam.hamid@akesundvall.se;C:\Users\niklas.sviden\OneDrive - Åke Sundvalls Byggnads AB\SPELET 2\Bilder\Skapade bilder\Dotterbolag Etapp 22 Stadsbygg AB.png;CFO-2;Strategen;Affärsstrategisk ekonomi;2;1;-;1;-;-;Räknar inte bara - bygger affärsmodellen från grunden. Ser portföljen som ett schackbräde och flyttar pjäserna med långsiktig blick. Om någon i ledningsgruppen ifrågasätter en investering har Strategen redan tre framtidsscenarier i bakfickan.;Modellerade tre finansieringsstrukturer för en stadsdelsutveckling — alla tre antogs av styrelsen, en valdes;Föreslog uppdelning av portföljen i två bolag tre år innan branschen följde efter;Konstruerade ett hybridlån som öppnade investeringsdörren på 1,4 mdr när banken hade stängt;Designade en avkastningsmodell som fortfarande används av bolagets investerargrupp;#7A2020;#7A2020;C:\Users\niklas.sviden\OneDrive - Åke Sundvalls Byggnads AB\SPELET 2\Bilder\Skapade bilder\CFO Strategen.png;#7A2020;#FCF6EF
M1;Etapp 22 Stadsbygg AB;CFO;Adam Hamid;Adam;adam.hamid@akesundvall.se;C:\Users\niklas.sviden\OneDrive - Åke Sundvalls Byggnads AB\SPELET 2\Bilder\Skapade bilder\Dotterbolag Etapp 22 Stadsbygg AB.png;CFO-3;Vakthunden;Riskhantering;1;-;-;2;-;1;Försiktigheten på två ben. Säger nej oftare än ja och har elva worst-case-scenarier i varje föredragning. Räddar bolaget från det som aldrig händer - vilket är problemet, för man får aldrig veta hur många kriser som faktiskt undveks.;Avrådde från ett markförvärv tre månader före räntechocken — sparade bolaget uppskattningsvis 110 mkr;Implementerade ett scenarioarbete styrelsen nu kräver för varje förvärv över 50 mkr;Fick valutakursförsäkring på plats två veckor före kronfallet — inte tur, det stod i excelmodellen;Identifierade en juridisk svaghet i ett markköpsavtal som hade kunnat kosta bolaget hela investeringen;#7A2020;#7A2020;C:\Users\niklas.sviden\OneDrive - Åke Sundvalls Byggnads AB\SPELET 2\Bilder\Skapade bilder\CFO Vakthunden.png;#7A2020;#FCF6EF
M1;Etapp 22 Stadsbygg AB;CFO;Adam Hamid;Adam;adam.hamid@akesundvall.se;C:\Users\niklas.sviden\OneDrive - Åke Sundvalls Byggnads AB\SPELET 2\Bilder\Skapade bilder\Dotterbolag Etapp 22 Stadsbygg AB.png;CFO-4;Statistikern;Modern controlling;-;1;-;1;2;-;Ekonomi i realtid på en dashboard som uppdateras varje natt klockan tre. Drar in BI-verktyg där andra fortfarande mejlar Excel-filer. Bygger framtidens controlling - så länge du står ut med entusiastiska föredragningar om datakvalitet.;Byggde en BI-plattform som gav projektmarginalsiffror i realtid — inte två månader senare;Implementerade rullande prognoser med scenarioanalys på fem variabler — styrelsen läser dem först av allt;Konsoliderade 12 olika excel-modeller till en enda Power BI-instans;Fick controllers från fyra dotterbolag att rapportera i samma datamodell — det tog ett år, men nu rullar det;#7A2020;#7A2020;C:\Users\niklas.sviden\OneDrive - Åke Sundvalls Byggnads AB\SPELET 2\Bilder\Skapade bilder\CFO Statistikern.png;#7A2020;#FCF6EF
M1;Etapp 22 Stadsbygg AB;CFO;Adam Hamid;Adam;adam.hamid@akesundvall.se;C:\Users\niklas.sviden\OneDrive - Åke Sundvalls Byggnads AB\SPELET 2\Bilder\Skapade bilder\Dotterbolag Etapp 22 Stadsbygg AB.png;CFO-5;Berättaren;Investerar- & styrelsekommunikation;1;2;-;1;-;-;Förvandlar delårsrapporten från siffersoppa till berättelse. Styrelsen lyssnar, banken nickar, ägarna sover gott. Tar tid från detaljarbetet - men en CFO som kan kommunicera är värd flera procentenheter i förtroendekapital.;Skrev om årsredovisningen så att bankens kreditkommitté hörde av sig och bad hen komma och föreläsa;Höll emissionen lugn medan två konkurrenter pausade sina — investerarberättelsen höll;Fick en ovillig styrelseledamot att rösta för en kontroversiell investering med en enda slidesammanställning;Etablerade ett kvartalsformat för ägarkommunikation som inte ändrats på fem år — för att det fungerar;#7A2020;#7A2020;C:\Users\niklas.sviden\OneDrive - Åke Sundvalls Byggnads AB\SPELET 2\Bilder\Skapade bilder\CFO Berättaren.png;#7A2020;#FCF6EF
M1;Etapp 22 Stadsbygg AB;CFO;Adam Hamid;Adam;adam.hamid@akesundvall.se;C:\Users\niklas.sviden\OneDrive - Åke Sundvalls Byggnads AB\SPELET 2\Bilder\Skapade bilder\Dotterbolag Etapp 22 Stadsbygg AB.png;CFO-6;Skattmästaren;Klassisk ekonomi;2;-;-;2;-;-;Trettio år i samma stol och har bokfört allt själv minst en gång. Stenhård budgetdisciplin, järnkoll på balansräkningen, traditionellt och ologiskt enkelt. Modern teknik är något andra får leka med - skattmästaren räknar för hand och stämmer alltid.;Bokslut levererat senast tre veckor efter periodslut — 17 år i rad;Stängde två gamla balansposter ingen vågat röra sedan tidigt 2000-tal;Fick revisorerna att skriva under utan en enda anmärkning fem år i rad;Vägrar adoptera nya redovisningsstandarder förrän de är obligatoriska — och har aldrig haft fel;#7A2020;#7A2020;C:\Users\niklas.sviden\OneDrive - Åke Sundvalls Byggnads AB\SPELET 2\Bilder\Skapade bilder\CFO Skattmästaren.png;#7A2020;#FCF6EF
M15;Etapp 22 Stadsbygg AB;CEO;Erik Sundvall;Erik;erik.sundvall@akesundvall.se;C:\Users\niklas.sviden\OneDrive - Åke Sundvalls Byggnads AB\SPELET 2\Bilder\Skapade bilder\Dotterbolag Etapp 22 Stadsbygg AB.png;CEO-1;Skepparen;Vision & strategi;2;1;-;-;1;-;Står på berget och pekar. När alla andra ser molnen ser Riktningsgivaren horisonten. Stark hand på rodret och en gnista nytänkande - men frågar du om kvartalsbokslutet kommer det vara någon annan som svarar.;"Lade fram femårsstrategin ""Vägen mot 5000 lägenheter"" — antagen av styrelsen efter en eftermiddag";Vände bolagets riktning mot mixed-use efter en kaffe med kommunalrådet;Övertygade ägarna att avveckla logistikportföljen två år innan marknaden vände;Etablerade samarbete med internationellt arkitektkontor som ingen i branschen kände till;#7A2020;#7A2020;C:\Users\niklas.sviden\OneDrive - Åke Sundvalls Byggnads AB\SPELET 2\Bilder\Skapade bilder\CEO Skepparen.png;#7A2020;#FCF6EF
M15;Etapp 22 Stadsbygg AB;CEO;Erik Sundvall;Erik;erik.sundvall@akesundvall.se;C:\Users\niklas.sviden\OneDrive - Åke Sundvalls Byggnads AB\SPELET 2\Bilder\Skapade bilder\Dotterbolag Etapp 22 Stadsbygg AB.png;CEO-2;Förhandlaren;Affärer & relationer;1;2;1;-;-;-;Stänger affärer på bakplanet av en lunch och hinner samtidigt komma ihåg din frus namn. Skickligast i rummet på att få ett ja - men det betyder också att kalendern ofta gungar och detaljerna lämnas till någon annan.;Stängde markförvärvet i Norra Hamnen tre veckor före konkurrenten — handslag, papper sen;Förhandlade upp markpriset 9 % efter en gemensam middag;Räddade ett dröjande JV-avtal med ett samtal till ordförandens fru;Drev fyra parallella förhandlingar under en och samma kvartalspresentation;#7A2020;#7A2020;C:\Users\niklas.sviden\OneDrive - Åke Sundvalls Byggnads AB\SPELET 2\Bilder\Skapade bilder\CEO Förhandlaren.png;#7A2020;#FCF6EF
M15;Etapp 22 Stadsbygg AB;CEO;Erik Sundvall;Erik;erik.sundvall@akesundvall.se;C:\Users\niklas.sviden\OneDrive - Åke Sundvalls Byggnads AB\SPELET 2\Bilder\Skapade bilder\Dotterbolag Etapp 22 Stadsbygg AB.png;CEO-3;Värden;Företagskultur;1;1;-;-;-;2;Tror på att kulturen är hela husgrunden. Bygger ett bolag där folk vill stanna kvar - hög lojalitet, låg sjukfrånvaro, stabilt fundament. Tempot är mjukare och de hårda affärsbesluten kan dröja, men ingen blir kvarglömd på vägen.;Sänkte sjukfrånvaron från 8 % till 3 % på två år;Byggde mentorprogram som nu har tre års kö;Stoppade en redan annonserad omorganisation efter att ha läst stämningen rätt;"Tog hem ""Årets arbetsgivare"" samma år som bolaget gjorde sin lägsta marginal någonsin";#7A2020;#7A2020;C:\Users\niklas.sviden\OneDrive - Åke Sundvalls Byggnads AB\SPELET 2\Bilder\Skapade bilder\CEO Värden.png;#7A2020;#FCF6EF
M15;Etapp 22 Stadsbygg AB;CEO;Erik Sundvall;Erik;erik.sundvall@akesundvall.se;C:\Users\niklas.sviden\OneDrive - Åke Sundvalls Byggnads AB\SPELET 2\Bilder\Skapade bilder\Dotterbolag Etapp 22 Stadsbygg AB.png;CEO-4;Profilen;Profil & opinionsbildning;1;2;-;-;1;-;Talar i Almedalen, sitter i panel på Business Arena, citeras i DI varje torsdag. Sätter bolaget på kartan och drar nya kunder med ett tonfall - men huset hemma ska helst sköta sig självt under tiden.;Talade på tre rikstäckande paneler under samma vecka — tre olika budskap, alla väl mottagna;Citerades 47 gånger i Dagens Industri under ett år;Fick stadens kommunalråd att lyfta bolagets vision i nyårstalet;Lanserade en hashtag som tog över byggbranschen i sex månader;#7A2020;#7A2020;C:\Users\niklas.sviden\OneDrive - Åke Sundvalls Byggnads AB\SPELET 2\Bilder\Skapade bilder\CEO Profilen.png;#7A2020;#FCF6EF
M15;Etapp 22 Stadsbygg AB;CEO;Erik Sundvall;Erik;erik.sundvall@akesundvall.se;C:\Users\niklas.sviden\OneDrive - Åke Sundvalls Byggnads AB\SPELET 2\Bilder\Skapade bilder\Dotterbolag Etapp 22 Stadsbygg AB.png;CEO-5;Klippan;Krisledarskap;2;-;-;1;-;1;När larmet går blir alla lugnare bara av att se Klippan sätta sig vid bordet. Trygghet på riktigt, ordning i kaos och blick för säkerhet - men tystlåten i medvind, sällan den som tänder festen.;Höll bolaget samlat under huvudentreprenörens konkurs — inga uppsägningar, inga försenade etapper;Ledde insatsen efter översvämningen — alla uthyrda lägenheter bebodda igen inom åtta veckor;Tog över ledningen under förra VD:ns sjukskrivning utan att någon utomstående märkte;Hanterade en arbetsplatsolycka på ett sätt facket sedan höll fram som modellexempel;#7A2020;#7A2020;C:\Users\niklas.sviden\OneDrive - Åke Sundvalls Byggnads AB\SPELET 2\Bilder\Skapade bilder\CEO Klippan.png;#7A2020;#FCF6EF
M15;Etapp 22 Stadsbygg AB;CEO;Erik Sundvall;Erik;erik.sundvall@akesundvall.se;C:\Users\niklas.sviden\OneDrive - Åke Sundvalls Byggnads AB\SPELET 2\Bilder\Skapade bilder\Dotterbolag Etapp 22 Stadsbygg AB.png;CEO-6;Medlaren;Inkluderande ledarskap;1;1;2;-;-;-;Kallar in alla, lyssnar på alla, får alla med på båten. Beslut förankras stenhårt och ingen stångar emot på vägen ut ur rummet. Priset är att processen tar tid - och den första att bli otålig är konkurrenten.;Fick fyra disparata JV-partners att enas om gemensam utvecklingsplan på två workshops;Förenade två sammanslagna ledningsgrupper utan att en enda chef sa upp sig;Tog en kontroversiell omorganisation i mål efter ett halvårs förankring — inga interna utspel;Förhandlade fram en ny entreprenadmodell som både byggherre och entreprenör vill prata om publikt;#7A2020;#7A2020;C:\Users\niklas.sviden\OneDrive - Åke Sundvalls Byggnads AB\SPELET 2\Bilder\Skapade bilder\CEO Medlaren.png;#7A2020;#FCF6EF
M22;Etapp 22 Stadsbygg AB;COO;Joakim Lindgren;Joakim;joakim.lindgren@akesundvall.se;C:\Users\niklas.sviden\OneDrive - Åke Sundvalls Byggnads AB\SPELET 2\Bilder\Skapade bilder\Dotterbolag Etapp 22 Stadsbygg AB.png;COO-1;Urmakaren;Drift & flöden;-;-;2;2;-;-;Får hjulen att snurra utan att någon märker hur. Allt flyter, alla deadlines hålls, leveransen kommer innan kunden ringt. Tar inte plats i rampljuset - men slutar Maskinrumsmästaren komma till jobbet stannar tåget på dag tre.;Optimerade leveransflödet på 14 byggprojekt — sänkte stilleståndstid med 22 %;Designade ett produktionsflöde där varje vecka börjar och slutar likadant;Halverade tiden från upphandling till spaden i jorden genom standardisering;Bytte till just-in-time-leverans på fönster och dörrar — ingen byggplats har klagat sedan;#7A2020;#7A2020;C:\Users\niklas.sviden\OneDrive - Åke Sundvalls Byggnads AB\SPELET 2\Bilder\Skapade bilder\COO Urmakaren.png;#7A2020;#FCF6EF
M22;Etapp 22 Stadsbygg AB;COO;Joakim Lindgren;Joakim;joakim.lindgren@akesundvall.se;C:\Users\niklas.sviden\OneDrive - Åke Sundvalls Byggnads AB\SPELET 2\Bilder\Skapade bilder\Dotterbolag Etapp 22 Stadsbygg AB.png;COO-2;Förmannen;Människor & miljö;-;1;1;-;-;2;Pratar med snickaren först och vd:n sist. Kör runt med kaffe och fångar upp signaler innan de blir konflikter. Lojaliteten i organisationen är skyhög - men styrelsen efterlyser ibland mer hårda siffror i föredragningarna.;Höll personalomsättningen under 4 % i fem år;Stoppade en arbetsmiljöincident som var på väg att bli allvarlig — dagen före;Fick byggarbetsplatserna att rapportera fler tillbud än någonsin tidigare — utan att någon kände sig påhoppad;"Drev igenom heta arbetstillstånd även där ""alla redan visste""";#7A2020;#7A2020;C:\Users\niklas.sviden\OneDrive - Åke Sundvalls Byggnads AB\SPELET 2\Bilder\Skapade bilder\COO Förmannen.png;#7A2020;#FCF6EF
M22;Etapp 22 Stadsbygg AB;COO;Joakim Lindgren;Joakim;joakim.lindgren@akesundvall.se;C:\Users\niklas.sviden\OneDrive - Åke Sundvalls Byggnads AB\SPELET 2\Bilder\Skapade bilder\Dotterbolag Etapp 22 Stadsbygg AB.png;COO-3;Generalen;Hård leverans;2;-;1;1;-;-;Säger nej oftare än ja och betyder det varje gång. Leveranserna kommer i tid, budgeten håller, ursäkterna saknas. Briljant i pressade lägen - men öppna hjärtan bygger inte Generalen, det är ABM-rapportens jobb.;Levererade Kvarteret Norra Stenen tre veckor före tidplan — och 9 % under budget;Bytte underentreprenör tre veckor in i ett projekt utan att tappa fart;Skickade tillbaka 23 ton armering med ord ingen i ledningen vill upprepa;Höll alla 11 milstolpar på sju parallella projekt under det år som mest gick fel i branschen;#7A2020;#7A2020;C:\Users\niklas.sviden\OneDrive - Åke Sundvalls Byggnads AB\SPELET 2\Bilder\Skapade bilder\COO Generalen.png;#7A2020;#FCF6EF
M22;Etapp 22 Stadsbygg AB;COO;Joakim Lindgren;Joakim;joakim.lindgren@akesundvall.se;C:\Users\niklas.sviden\OneDrive - Åke Sundvalls Byggnads AB\SPELET 2\Bilder\Skapade bilder\Dotterbolag Etapp 22 Stadsbygg AB.png;COO-4;Pionjären;Digital drift;-;-;1;1;2;-;Pilotar drönare över bygget och bygger om Excel till Power BI på en eftermiddag. Plockar bort minuter ur varje delprocess. Risk är att förändringen blir snabbare än organisationens mage - men det är en lyxoro.;Implementerade BIM på samtliga projekt — sex månader före branschsnittet;Byggde dashboards som ersatte 14 manuella excel-rapporter;Pilotade drönarinventering på två projekt — sparade 600 mantimmar enbart på lägeskontroller;Fick byggarbetsplatserna att skanna leveranskvitton i mobilen — försvunna fakturor: noll på två år;#7A2020;#7A2020;C:\Users\niklas.sviden\OneDrive - Åke Sundvalls Byggnads AB\SPELET 2\Bilder\Skapade bilder\COO Pionjären.png;#7A2020;#FCF6EF
M22;Etapp 22 Stadsbygg AB;COO;Joakim Lindgren;Joakim;joakim.lindgren@akesundvall.se;C:\Users\niklas.sviden\OneDrive - Åke Sundvalls Byggnads AB\SPELET 2\Bilder\Skapade bilder\Dotterbolag Etapp 22 Stadsbygg AB.png;COO-5;Bron;Tvärfunktionell samordning;-;1;2;-;-;1;Tolk mellan kontoret och fältet, mellan ekonomi och produktion, mellan styrelse och stomresare. Får människor som inte talar samma språk att förstå varandra ändå. Den dag Bron har semester ställs sex möten in.;Översatte mellan ekonomi och produktion under en tre månader lång konflikt — de pratar fortfarande;Designade ett samordningsmöte på 30 minuter som ersatte tre möten på sammanlagt fyra timmar;Fick styrelsen och stomresarna att förstå varandras kalendrar efter sju år av missförstånd;Etablerade ett gemensamt språk mellan inköp och projekt som överlevt två organisationsförändringar;#7A2020;#7A2020;C:\Users\niklas.sviden\OneDrive - Åke Sundvalls Byggnads AB\SPELET 2\Bilder\Skapade bilder\COO Bron.png;#7A2020;#FCF6EF
M22;Etapp 22 Stadsbygg AB;COO;Joakim Lindgren;Joakim;joakim.lindgren@akesundvall.se;C:\Users\niklas.sviden\OneDrive - Åke Sundvalls Byggnads AB\SPELET 2\Bilder\Skapade bilder\Dotterbolag Etapp 22 Stadsbygg AB.png;COO-6;Brandsläckaren;Akutoperationer;1;-;-;2;-;1;Står där det brinner och rycker ut innan någon hunnit larma. Detaljkoll, snabb fot, iskall under press. Den långsiktiga planeringen blir ibland lidande - för det dyker alltid upp en ny brand som behöver släckas först.;Hanterade en grävmaskinincident inom 90 minuter — inga personskador, inga försäkringskrav;Ledde övergången efter huvudentreprenörens konkurs en fredag eftermiddag — produktionen rullade på måndagen;Tog över ett projekt två veckor före slutbesiktning som tappat sju nyckelroller;Räddade en kvalitetsavvikelse på 47 lägenheter med en lösning varken arkitekten eller byggherren trott var möjlig;#7A2020;#7A2020;C:\Users\niklas.sviden\OneDrive - Åke Sundvalls Byggnads AB\SPELET 2\Bilder\Skapade bilder\COO Brandsläckaren.png;#7A2020;#FCF6EF
M19;Floridagatan Etapp 2;COO;Hanna Olofsson Wallén;Hanna;hanna.olofsson.wallen@akesundvall.se;C:\Users\niklas.sviden\OneDrive - Åke Sundvalls Byggnads AB\SPELET 2\Bilder\Skapade bilder\Dotterbolag Floridagatan Etapp 2.png;COO-1;Urmakaren;Drift & flöden;-;-;2;2;-;-;Får hjulen att snurra utan att någon märker hur. Allt flyter, alla deadlines hålls, leveransen kommer innan kunden ringt. Tar inte plats i rampljuset - men slutar Maskinrumsmästaren komma till jobbet stannar tåget på dag tre.;Optimerade leveransflödet på 14 byggprojekt — sänkte stilleståndstid med 22 %;Designade ett produktionsflöde där varje vecka börjar och slutar likadant;Halverade tiden från upphandling till spaden i jorden genom standardisering;Bytte till just-in-time-leverans på fönster och dörrar — ingen byggplats har klagat sedan;#7A2020;#7A2020;C:\Users\niklas.sviden\OneDrive - Åke Sundvalls Byggnads AB\SPELET 2\Bilder\Skapade bilder\COO Urmakaren.png;#7A2020;#FCF6EF
M19;Floridagatan Etapp 2;COO;Hanna Olofsson Wallén;Hanna;hanna.olofsson.wallen@akesundvall.se;C:\Users\niklas.sviden\OneDrive - Åke Sundvalls Byggnads AB\SPELET 2\Bilder\Skapade bilder\Dotterbolag Floridagatan Etapp 2.png;COO-2;Förmannen;Människor & miljö;-;1;1;-;-;2;Pratar med snickaren först och vd:n sist. Kör runt med kaffe och fångar upp signaler innan de blir konflikter. Lojaliteten i organisationen är skyhög - men styrelsen efterlyser ibland mer hårda siffror i föredragningarna.;Höll personalomsättningen under 4 % i fem år;Stoppade en arbetsmiljöincident som var på väg att bli allvarlig — dagen före;Fick byggarbetsplatserna att rapportera fler tillbud än någonsin tidigare — utan att någon kände sig påhoppad;"Drev igenom heta arbetstillstånd även där ""alla redan visste""";#7A2020;#7A2020;C:\Users\niklas.sviden\OneDrive - Åke Sundvalls Byggnads AB\SPELET 2\Bilder\Skapade bilder\COO Förmannen.png;#7A2020;#FCF6EF
M19;Floridagatan Etapp 2;COO;Hanna Olofsson Wallén;Hanna;hanna.olofsson.wallen@akesundvall.se;C:\Users\niklas.sviden\OneDrive - Åke Sundvalls Byggnads AB\SPELET 2\Bilder\Skapade bilder\Dotterbolag Floridagatan Etapp 2.png;COO-3;Generalen;Hård leverans;2;-;1;1;-;-;Säger nej oftare än ja och betyder det varje gång. Leveranserna kommer i tid, budgeten håller, ursäkterna saknas. Briljant i pressade lägen - men öppna hjärtan bygger inte Generalen, det är ABM-rapportens jobb.;Levererade Kvarteret Norra Stenen tre veckor före tidplan — och 9 % under budget;Bytte underentreprenör tre veckor in i ett projekt utan att tappa fart;Skickade tillbaka 23 ton armering med ord ingen i ledningen vill upprepa;Höll alla 11 milstolpar på sju parallella projekt under det år som mest gick fel i branschen;#7A2020;#7A2020;C:\Users\niklas.sviden\OneDrive - Åke Sundvalls Byggnads AB\SPELET 2\Bilder\Skapade bilder\COO Generalen.png;#7A2020;#FCF6EF
M19;Floridagatan Etapp 2;COO;Hanna Olofsson Wallén;Hanna;hanna.olofsson.wallen@akesundvall.se;C:\Users\niklas.sviden\OneDrive - Åke Sundvalls Byggnads AB\SPELET 2\Bilder\Skapade bilder\Dotterbolag Floridagatan Etapp 2.png;COO-4;Pionjären;Digital drift;-;-;1;1;2;-;Pilotar drönare över bygget och bygger om Excel till Power BI på en eftermiddag. Plockar bort minuter ur varje delprocess. Risk är att förändringen blir snabbare än organisationens mage - men det är en lyxoro.;Implementerade BIM på samtliga projekt — sex månader före branschsnittet;Byggde dashboards som ersatte 14 manuella excel-rapporter;Pilotade drönarinventering på två projekt — sparade 600 mantimmar enbart på lägeskontroller;Fick byggarbetsplatserna att skanna leveranskvitton i mobilen — försvunna fakturor: noll på två år;#7A2020;#7A2020;C:\Users\niklas.sviden\OneDrive - Åke Sundvalls Byggnads AB\SPELET 2\Bilder\Skapade bilder\COO Pionjären.png;#7A2020;#FCF6EF
M19;Floridagatan Etapp 2;COO;Hanna Olofsson Wallén;Hanna;hanna.olofsson.wallen@akesundvall.se;C:\Users\niklas.sviden\OneDrive - Åke Sundvalls Byggnads AB\SPELET 2\Bilder\Skapade bilder\Dotterbolag Floridagatan Etapp 2.png;COO-5;Bron;Tvärfunktionell samordning;-;1;2;-;-;1;Tolk mellan kontoret och fältet, mellan ekonomi och produktion, mellan styrelse och stomresare. Får människor som inte talar samma språk att förstå varandra ändå. Den dag Bron har semester ställs sex möten in.;Översatte mellan ekonomi och produktion under en tre månader lång konflikt — de pratar fortfarande;Designade ett samordningsmöte på 30 minuter som ersatte tre möten på sammanlagt fyra timmar;Fick styrelsen och stomresarna att förstå varandras kalendrar efter sju år av missförstånd;Etablerade ett gemensamt språk mellan inköp och projekt som överlevt två organisationsförändringar;#7A2020;#7A2020;C:\Users\niklas.sviden\OneDrive - Åke Sundvalls Byggnads AB\SPELET 2\Bilder\Skapade bilder\COO Bron.png;#7A2020;#FCF6EF
M19;Floridagatan Etapp 2;COO;Hanna Olofsson Wallén;Hanna;hanna.olofsson.wallen@akesundvall.se;C:\Users\niklas.sviden\OneDrive - Åke Sundvalls Byggnads AB\SPELET 2\Bilder\Skapade bilder\Dotterbolag Floridagatan Etapp 2.png;COO-6;Brandsläckaren;Akutoperationer;1;-;-;2;-;1;Står där det brinner och rycker ut innan någon hunnit larma. Detaljkoll, snabb fot, iskall under press. Den långsiktiga planeringen blir ibland lidande - för det dyker alltid upp en ny brand som behöver släckas först.;Hanterade en grävmaskinincident inom 90 minuter — inga personskador, inga försäkringskrav;Ledde övergången efter huvudentreprenörens konkurs en fredag eftermiddag — produktionen rullade på måndagen;Tog över ett projekt två veckor före slutbesiktning som tappat sju nyckelroller;Räddade en kvalitetsavvikelse på 47 lägenheter med en lösning varken arkitekten eller byggherren trott var möjlig;#7A2020;#7A2020;C:\Users\niklas.sviden\OneDrive - Åke Sundvalls Byggnads AB\SPELET 2\Bilder\Skapade bilder\COO Brandsläckaren.png;#7A2020;#FCF6EF
M21;Floridagatan Etapp 2;CFO;Jannica Råsten;Jannica;jannica.rasten@akesundvall.se;C:\Users\niklas.sviden\OneDrive - Åke Sundvalls Byggnads AB\SPELET 2\Bilder\Skapade bilder\Dotterbolag Floridagatan Etapp 2.png;CFO-1;Rödpennan;Detaljerad ekonomi;1;-;1;2;-;-;Hittar tolvkronan i en hundramiljonersbudget och ringer dig om den klockan halv åtta på en torsdag. Inget passerar oupptäckt. Mindre lustig att sitta bredvid på en projektgenomgång - men kostnadskontrollen är kompromisslös.;Hittade en felaktig periodisering som kostat bolaget 4,2 mkr om året i tio år;Granskade 17 leverantörsavtal in i minsta detalj och förhandlade ner snittpriset 6,3 %;Implementerade kostnadsuppföljning per arbetspaket på alla projekt — projektcheferna grät de första två månaderna;Avslöjade ett mönster i ÄTA-arbeten som ledde till en tvist bolaget sedan vann;#7A2020;#7A2020;C:\Users\niklas.sviden\OneDrive - Åke Sundvalls Byggnads AB\SPELET 2\Bilder\Skapade bilder\CFO Rödpennan.png;#7A2020;#FCF6EF
M21;Floridagatan Etapp 2;CFO;Jannica Råsten;Jannica;jannica.rasten@akesundvall.se;C:\Users\niklas.sviden\OneDrive - Åke Sundvalls Byggnads AB\SPELET 2\Bilder\Skapade bilder\Dotterbolag Floridagatan Etapp 2.png;CFO-2;Strategen;Affärsstrategisk ekonomi;2;1;-;1;-;-;Räknar inte bara - bygger affärsmodellen från grunden. Ser portföljen som ett schackbräde och flyttar pjäserna med långsiktig blick. Om någon i ledningsgruppen ifrågasätter en investering har Strategen redan tre framtidsscenarier i bakfickan.;Modellerade tre finansieringsstrukturer för en stadsdelsutveckling — alla tre antogs av styrelsen, en valdes;Föreslog uppdelning av portföljen i två bolag tre år innan branschen följde efter;Konstruerade ett hybridlån som öppnade investeringsdörren på 1,4 mdr när banken hade stängt;Designade en avkastningsmodell som fortfarande används av bolagets investerargrupp;#7A2020;#7A2020;C:\Users\niklas.sviden\OneDrive - Åke Sundvalls Byggnads AB\SPELET 2\Bilder\Skapade bilder\CFO Strategen.png;#7A2020;#FCF6EF
M21;Floridagatan Etapp 2;CFO;Jannica Råsten;Jannica;jannica.rasten@akesundvall.se;C:\Users\niklas.sviden\OneDrive - Åke Sundvalls Byggnads AB\SPELET 2\Bilder\Skapade bilder\Dotterbolag Floridagatan Etapp 2.png;CFO-3;Vakthunden;Riskhantering;1;-;-;2;-;1;Försiktigheten på två ben. Säger nej oftare än ja och har elva worst-case-scenarier i varje föredragning. Räddar bolaget från det som aldrig händer - vilket är problemet, för man får aldrig veta hur många kriser som faktiskt undveks.;Avrådde från ett markförvärv tre månader före räntechocken — sparade bolaget uppskattningsvis 110 mkr;Implementerade ett scenarioarbete styrelsen nu kräver för varje förvärv över 50 mkr;Fick valutakursförsäkring på plats två veckor före kronfallet — inte tur, det stod i excelmodellen;Identifierade en juridisk svaghet i ett markköpsavtal som hade kunnat kosta bolaget hela investeringen;#7A2020;#7A2020;C:\Users\niklas.sviden\OneDrive - Åke Sundvalls Byggnads AB\SPELET 2\Bilder\Skapade bilder\CFO Vakthunden.png;#7A2020;#FCF6EF
M21;Floridagatan Etapp 2;CFO;Jannica Råsten;Jannica;jannica.rasten@akesundvall.se;C:\Users\niklas.sviden\OneDrive - Åke Sundvalls Byggnads AB\SPELET 2\Bilder\Skapade bilder\Dotterbolag Floridagatan Etapp 2.png;CFO-4;Statistikern;Modern controlling;-;1;-;1;2;-;Ekonomi i realtid på en dashboard som uppdateras varje natt klockan tre. Drar in BI-verktyg där andra fortfarande mejlar Excel-filer. Bygger framtidens controlling - så länge du står ut med entusiastiska föredragningar om datakvalitet.;Byggde en BI-plattform som gav projektmarginalsiffror i realtid — inte två månader senare;Implementerade rullande prognoser med scenarioanalys på fem variabler — styrelsen läser dem först av allt;Konsoliderade 12 olika excel-modeller till en enda Power BI-instans;Fick controllers från fyra dotterbolag att rapportera i samma datamodell — det tog ett år, men nu rullar det;#7A2020;#7A2020;C:\Users\niklas.sviden\OneDrive - Åke Sundvalls Byggnads AB\SPELET 2\Bilder\Skapade bilder\CFO Statistikern.png;#7A2020;#FCF6EF
M21;Floridagatan Etapp 2;CFO;Jannica Råsten;Jannica;jannica.rasten@akesundvall.se;C:\Users\niklas.sviden\OneDrive - Åke Sundvalls Byggnads AB\SPELET 2\Bilder\Skapade bilder\Dotterbolag Floridagatan Etapp 2.png;CFO-5;Berättaren;Investerar- & styrelsekommunikation;1;2;-;1;-;-;Förvandlar delårsrapporten från siffersoppa till berättelse. Styrelsen lyssnar, banken nickar, ägarna sover gott. Tar tid från detaljarbetet - men en CFO som kan kommunicera är värd flera procentenheter i förtroendekapital.;Skrev om årsredovisningen så att bankens kreditkommitté hörde av sig och bad hen komma och föreläsa;Höll emissionen lugn medan två konkurrenter pausade sina — investerarberättelsen höll;Fick en ovillig styrelseledamot att rösta för en kontroversiell investering med en enda slidesammanställning;Etablerade ett kvartalsformat för ägarkommunikation som inte ändrats på fem år — för att det fungerar;#7A2020;#7A2020;C:\Users\niklas.sviden\OneDrive - Åke Sundvalls Byggnads AB\SPELET 2\Bilder\Skapade bilder\CFO Berättaren.png;#7A2020;#FCF6EF
M21;Floridagatan Etapp 2;CFO;Jannica Råsten;Jannica;jannica.rasten@akesundvall.se;C:\Users\niklas.sviden\OneDrive - Åke Sundvalls Byggnads AB\SPELET 2\Bilder\Skapade bilder\Dotterbolag Floridagatan Etapp 2.png;CFO-6;Skattmästaren;Klassisk ekonomi;2;-;-;2;-;-;Trettio år i samma stol och har bokfört allt själv minst en gång. Stenhård budgetdisciplin, järnkoll på balansräkningen, traditionellt och ologiskt enkelt. Modern teknik är något andra får leka med - skattmästaren räknar för hand och stämmer alltid.;Bokslut levererat senast tre veckor efter periodslut — 17 år i rad;Stängde två gamla balansposter ingen vågat röra sedan tidigt 2000-tal;Fick revisorerna att skriva under utan en enda anmärkning fem år i rad;Vägrar adoptera nya redovisningsstandarder förrän de är obligatoriska — och har aldrig haft fel;#7A2020;#7A2020;C:\Users\niklas.sviden\OneDrive - Åke Sundvalls Byggnads AB\SPELET 2\Bilder\Skapade bilder\CFO Skattmästaren.png;#7A2020;#FCF6EF
M30;Floridagatan Etapp 2;CEO;Marina Forsberg;Marina;marina.forsberg@akesundvall.se;C:\Users\niklas.sviden\OneDrive - Åke Sundvalls Byggnads AB\SPELET 2\Bilder\Skapade bilder\Dotterbolag Floridagatan Etapp 2.png;CEO-1;Skepparen;Vision & strategi;2;1;-;-;1;-;Står på berget och pekar. När alla andra ser molnen ser Riktningsgivaren horisonten. Stark hand på rodret och en gnista nytänkande - men frågar du om kvartalsbokslutet kommer det vara någon annan som svarar.;"Lade fram femårsstrategin ""Vägen mot 5000 lägenheter"" — antagen av styrelsen efter en eftermiddag";Vände bolagets riktning mot mixed-use efter en kaffe med kommunalrådet;Övertygade ägarna att avveckla logistikportföljen två år innan marknaden vände;Etablerade samarbete med internationellt arkitektkontor som ingen i branschen kände till;#7A2020;#7A2020;C:\Users\niklas.sviden\OneDrive - Åke Sundvalls Byggnads AB\SPELET 2\Bilder\Skapade bilder\CEO Skepparen.png;#7A2020;#FCF6EF
M30;Floridagatan Etapp 2;CEO;Marina Forsberg;Marina;marina.forsberg@akesundvall.se;C:\Users\niklas.sviden\OneDrive - Åke Sundvalls Byggnads AB\SPELET 2\Bilder\Skapade bilder\Dotterbolag Floridagatan Etapp 2.png;CEO-2;Förhandlaren;Affärer & relationer;1;2;1;-;-;-;Stänger affärer på bakplanet av en lunch och hinner samtidigt komma ihåg din frus namn. Skickligast i rummet på att få ett ja - men det betyder också att kalendern ofta gungar och detaljerna lämnas till någon annan.;Stängde markförvärvet i Norra Hamnen tre veckor före konkurrenten — handslag, papper sen;Förhandlade upp markpriset 9 % efter en gemensam middag;Räddade ett dröjande JV-avtal med ett samtal till ordförandens fru;Drev fyra parallella förhandlingar under en och samma kvartalspresentation;#7A2020;#7A2020;C:\Users\niklas.sviden\OneDrive - Åke Sundvalls Byggnads AB\SPELET 2\Bilder\Skapade bilder\CEO Förhandlaren.png;#7A2020;#FCF6EF
M30;Floridagatan Etapp 2;CEO;Marina Forsberg;Marina;marina.forsberg@akesundvall.se;C:\Users\niklas.sviden\OneDrive - Åke Sundvalls Byggnads AB\SPELET 2\Bilder\Skapade bilder\Dotterbolag Floridagatan Etapp 2.png;CEO-3;Värden;Företagskultur;1;1;-;-;-;2;Tror på att kulturen är hela husgrunden. Bygger ett bolag där folk vill stanna kvar - hög lojalitet, låg sjukfrånvaro, stabilt fundament. Tempot är mjukare och de hårda affärsbesluten kan dröja, men ingen blir kvarglömd på vägen.;Sänkte sjukfrånvaron från 8 % till 3 % på två år;Byggde mentorprogram som nu har tre års kö;Stoppade en redan annonserad omorganisation efter att ha läst stämningen rätt;"Tog hem ""Årets arbetsgivare"" samma år som bolaget gjorde sin lägsta marginal någonsin";#7A2020;#7A2020;C:\Users\niklas.sviden\OneDrive - Åke Sundvalls Byggnads AB\SPELET 2\Bilder\Skapade bilder\CEO Värden.png;#7A2020;#FCF6EF
M30;Floridagatan Etapp 2;CEO;Marina Forsberg;Marina;marina.forsberg@akesundvall.se;C:\Users\niklas.sviden\OneDrive - Åke Sundvalls Byggnads AB\SPELET 2\Bilder\Skapade bilder\Dotterbolag Floridagatan Etapp 2.png;CEO-4;Profilen;Profil & opinionsbildning;1;2;-;-;1;-;Talar i Almedalen, sitter i panel på Business Arena, citeras i DI varje torsdag. Sätter bolaget på kartan och drar nya kunder med ett tonfall - men huset hemma ska helst sköta sig självt under tiden.;Talade på tre rikstäckande paneler under samma vecka — tre olika budskap, alla väl mottagna;Citerades 47 gånger i Dagens Industri under ett år;Fick stadens kommunalråd att lyfta bolagets vision i nyårstalet;Lanserade en hashtag som tog över byggbranschen i sex månader;#7A2020;#7A2020;C:\Users\niklas.sviden\OneDrive - Åke Sundvalls Byggnads AB\SPELET 2\Bilder\Skapade bilder\CEO Profilen.png;#7A2020;#FCF6EF
M30;Floridagatan Etapp 2;CEO;Marina Forsberg;Marina;marina.forsberg@akesundvall.se;C:\Users\niklas.sviden\OneDrive - Åke Sundvalls Byggnads AB\SPELET 2\Bilder\Skapade bilder\Dotterbolag Floridagatan Etapp 2.png;CEO-5;Klippan;Krisledarskap;2;-;-;1;-;1;När larmet går blir alla lugnare bara av att se Klippan sätta sig vid bordet. Trygghet på riktigt, ordning i kaos och blick för säkerhet - men tystlåten i medvind, sällan den som tänder festen.;Höll bolaget samlat under huvudentreprenörens konkurs — inga uppsägningar, inga försenade etapper;Ledde insatsen efter översvämningen — alla uthyrda lägenheter bebodda igen inom åtta veckor;Tog över ledningen under förra VD:ns sjukskrivning utan att någon utomstående märkte;Hanterade en arbetsplatsolycka på ett sätt facket sedan höll fram som modellexempel;#7A2020;#7A2020;C:\Users\niklas.sviden\OneDrive - Åke Sundvalls Byggnads AB\SPELET 2\Bilder\Skapade bilder\CEO Klippan.png;#7A2020;#FCF6EF
M30;Floridagatan Etapp 2;CEO;Marina Forsberg;Marina;marina.forsberg@akesundvall.se;C:\Users\niklas.sviden\OneDrive - Åke Sundvalls Byggnads AB\SPELET 2\Bilder\Skapade bilder\Dotterbolag Floridagatan Etapp 2.png;CEO-6;Medlaren;Inkluderande ledarskap;1;1;2;-;-;-;Kallar in alla, lyssnar på alla, får alla med på båten. Beslut förankras stenhårt och ingen stångar emot på vägen ut ur rummet. Priset är att processen tar tid - och den första att bli otålig är konkurrenten.;Fick fyra disparata JV-partners att enas om gemensam utvecklingsplan på två workshops;Förenade två sammanslagna ledningsgrupper utan att en enda chef sa upp sig;Tog en kontroversiell omorganisation i mål efter ett halvårs förankring — inga interna utspel;Förhandlade fram en ny entreprenadmodell som både byggherre och entreprenör vill prata om publikt;#7A2020;#7A2020;C:\Users\niklas.sviden\OneDrive - Åke Sundvalls Byggnads AB\SPELET 2\Bilder\Skapade bilder\CEO Medlaren.png;#7A2020;#FCF6EF
M25;Karma Kvartersbolag AB;CFO;Joakim Mård;Joakim;joakim.mard@akesundvall.se;C:\Users\niklas.sviden\OneDrive - Åke Sundvalls Byggnads AB\SPELET 2\Bilder\Skapade bilder\Dotterbolag Karma Kvartersbolag AB.png;CFO-1;Rödpennan;Detaljerad ekonomi;1;-;1;2;-;-;Hittar tolvkronan i en hundramiljonersbudget och ringer dig om den klockan halv åtta på en torsdag. Inget passerar oupptäckt. Mindre lustig att sitta bredvid på en projektgenomgång - men kostnadskontrollen är kompromisslös.;Hittade en felaktig periodisering som kostat bolaget 4,2 mkr om året i tio år;Granskade 17 leverantörsavtal in i minsta detalj och förhandlade ner snittpriset 6,3 %;Implementerade kostnadsuppföljning per arbetspaket på alla projekt — projektcheferna grät de första två månaderna;Avslöjade ett mönster i ÄTA-arbeten som ledde till en tvist bolaget sedan vann;#7A2020;#7A2020;C:\Users\niklas.sviden\OneDrive - Åke Sundvalls Byggnads AB\SPELET 2\Bilder\Skapade bilder\CFO Rödpennan.png;#7A2020;#FCF6EF
M25;Karma Kvartersbolag AB;CFO;Joakim Mård;Joakim;joakim.mard@akesundvall.se;C:\Users\niklas.sviden\OneDrive - Åke Sundvalls Byggnads AB\SPELET 2\Bilder\Skapade bilder\Dotterbolag Karma Kvartersbolag AB.png;CFO-2;Strategen;Affärsstrategisk ekonomi;2;1;-;1;-;-;Räknar inte bara - bygger affärsmodellen från grunden. Ser portföljen som ett schackbräde och flyttar pjäserna med långsiktig blick. Om någon i ledningsgruppen ifrågasätter en investering har Strategen redan tre framtidsscenarier i bakfickan.;Modellerade tre finansieringsstrukturer för en stadsdelsutveckling — alla tre antogs av styrelsen, en valdes;Föreslog uppdelning av portföljen i två bolag tre år innan branschen följde efter;Konstruerade ett hybridlån som öppnade investeringsdörren på 1,4 mdr när banken hade stängt;Designade en avkastningsmodell som fortfarande används av bolagets investerargrupp;#7A2020;#7A2020;C:\Users\niklas.sviden\OneDrive - Åke Sundvalls Byggnads AB\SPELET 2\Bilder\Skapade bilder\CFO Strategen.png;#7A2020;#FCF6EF
M25;Karma Kvartersbolag AB;CFO;Joakim Mård;Joakim;joakim.mard@akesundvall.se;C:\Users\niklas.sviden\OneDrive - Åke Sundvalls Byggnads AB\SPELET 2\Bilder\Skapade bilder\Dotterbolag Karma Kvartersbolag AB.png;CFO-3;Vakthunden;Riskhantering;1;-;-;2;-;1;Försiktigheten på två ben. Säger nej oftare än ja och har elva worst-case-scenarier i varje föredragning. Räddar bolaget från det som aldrig händer - vilket är problemet, för man får aldrig veta hur många kriser som faktiskt undveks.;Avrådde från ett markförvärv tre månader före räntechocken — sparade bolaget uppskattningsvis 110 mkr;Implementerade ett scenarioarbete styrelsen nu kräver för varje förvärv över 50 mkr;Fick valutakursförsäkring på plats två veckor före kronfallet — inte tur, det stod i excelmodellen;Identifierade en juridisk svaghet i ett markköpsavtal som hade kunnat kosta bolaget hela investeringen;#7A2020;#7A2020;C:\Users\niklas.sviden\OneDrive - Åke Sundvalls Byggnads AB\SPELET 2\Bilder\Skapade bilder\CFO Vakthunden.png;#7A2020;#FCF6EF
M25;Karma Kvartersbolag AB;CFO;Joakim Mård;Joakim;joakim.mard@akesundvall.se;C:\Users\niklas.sviden\OneDrive - Åke Sundvalls Byggnads AB\SPELET 2\Bilder\Skapade bilder\Dotterbolag Karma Kvartersbolag AB.png;CFO-4;Statistikern;Modern controlling;-;1;-;1;2;-;Ekonomi i realtid på en dashboard som uppdateras varje natt klockan tre. Drar in BI-verktyg där andra fortfarande mejlar Excel-filer. Bygger framtidens controlling - så länge du står ut med entusiastiska föredragningar om datakvalitet.;Byggde en BI-plattform som gav projektmarginalsiffror i realtid — inte två månader senare;Implementerade rullande prognoser med scenarioanalys på fem variabler — styrelsen läser dem först av allt;Konsoliderade 12 olika excel-modeller till en enda Power BI-instans;Fick controllers från fyra dotterbolag att rapportera i samma datamodell — det tog ett år, men nu rullar det;#7A2020;#7A2020;C:\Users\niklas.sviden\OneDrive - Åke Sundvalls Byggnads AB\SPELET 2\Bilder\Skapade bilder\CFO Statistikern.png;#7A2020;#FCF6EF
M25;Karma Kvartersbolag AB;CFO;Joakim Mård;Joakim;joakim.mard@akesundvall.se;C:\Users\niklas.sviden\OneDrive - Åke Sundvalls Byggnads AB\SPELET 2\Bilder\Skapade bilder\Dotterbolag Karma Kvartersbolag AB.png;CFO-5;Berättaren;Investerar- & styrelsekommunikation;1;2;-;1;-;-;Förvandlar delårsrapporten från siffersoppa till berättelse. Styrelsen lyssnar, banken nickar, ägarna sover gott. Tar tid från detaljarbetet - men en CFO som kan kommunicera är värd flera procentenheter i förtroendekapital.;Skrev om årsredovisningen så att bankens kreditkommitté hörde av sig och bad hen komma och föreläsa;Höll emissionen lugn medan två konkurrenter pausade sina — investerarberättelsen höll;Fick en ovillig styrelseledamot att rösta för en kontroversiell investering med en enda slidesammanställning;Etablerade ett kvartalsformat för ägarkommunikation som inte ändrats på fem år — för att det fungerar;#7A2020;#7A2020;C:\Users\niklas.sviden\OneDrive - Åke Sundvalls Byggnads AB\SPELET 2\Bilder\Skapade bilder\CFO Berättaren.png;#7A2020;#FCF6EF
M25;Karma Kvartersbolag AB;CFO;Joakim Mård;Joakim;joakim.mard@akesundvall.se;C:\Users\niklas.sviden\OneDrive - Åke Sundvalls Byggnads AB\SPELET 2\Bilder\Skapade bilder\Dotterbolag Karma Kvartersbolag AB.png;CFO-6;Skattmästaren;Klassisk ekonomi;2;-;-;2;-;-;Trettio år i samma stol och har bokfört allt själv minst en gång. Stenhård budgetdisciplin, järnkoll på balansräkningen, traditionellt och ologiskt enkelt. Modern teknik är något andra får leka med - skattmästaren räknar för hand och stämmer alltid.;Bokslut levererat senast tre veckor efter periodslut — 17 år i rad;Stängde två gamla balansposter ingen vågat röra sedan tidigt 2000-tal;Fick revisorerna att skriva under utan en enda anmärkning fem år i rad;Vägrar adoptera nya redovisningsstandarder förrän de är obligatoriska — och har aldrig haft fel;#7A2020;#7A2020;C:\Users\niklas.sviden\OneDrive - Åke Sundvalls Byggnads AB\SPELET 2\Bilder\Skapade bilder\CFO Skattmästaren.png;#7A2020;#FCF6EF
M34;Karma Kvartersbolag AB;COO;Natasha Mridha;Natasha;natasha.mridha@akesundvall.se;C:\Users\niklas.sviden\OneDrive - Åke Sundvalls Byggnads AB\SPELET 2\Bilder\Skapade bilder\Dotterbolag Karma Kvartersbolag AB.png;COO-1;Urmakaren;Drift & flöden;-;-;2;2;-;-;Får hjulen att snurra utan att någon märker hur. Allt flyter, alla deadlines hålls, leveransen kommer innan kunden ringt. Tar inte plats i rampljuset - men slutar Maskinrumsmästaren komma till jobbet stannar tåget på dag tre.;Optimerade leveransflödet på 14 byggprojekt — sänkte stilleståndstid med 22 %;Designade ett produktionsflöde där varje vecka börjar och slutar likadant;Halverade tiden från upphandling till spaden i jorden genom standardisering;Bytte till just-in-time-leverans på fönster och dörrar — ingen byggplats har klagat sedan;#7A2020;#7A2020;C:\Users\niklas.sviden\OneDrive - Åke Sundvalls Byggnads AB\SPELET 2\Bilder\Skapade bilder\COO Urmakaren.png;#7A2020;#FCF6EF
M34;Karma Kvartersbolag AB;COO;Natasha Mridha;Natasha;natasha.mridha@akesundvall.se;C:\Users\niklas.sviden\OneDrive - Åke Sundvalls Byggnads AB\SPELET 2\Bilder\Skapade bilder\Dotterbolag Karma Kvartersbolag AB.png;COO-2;Förmannen;Människor & miljö;-;1;1;-;-;2;Pratar med snickaren först och vd:n sist. Kör runt med kaffe och fångar upp signaler innan de blir konflikter. Lojaliteten i organisationen är skyhög - men styrelsen efterlyser ibland mer hårda siffror i föredragningarna.;Höll personalomsättningen under 4 % i fem år;Stoppade en arbetsmiljöincident som var på väg att bli allvarlig — dagen före;Fick byggarbetsplatserna att rapportera fler tillbud än någonsin tidigare — utan att någon kände sig påhoppad;"Drev igenom heta arbetstillstånd även där ""alla redan visste""";#7A2020;#7A2020;C:\Users\niklas.sviden\OneDrive - Åke Sundvalls Byggnads AB\SPELET 2\Bilder\Skapade bilder\COO Förmannen.png;#7A2020;#FCF6EF
M34;Karma Kvartersbolag AB;COO;Natasha Mridha;Natasha;natasha.mridha@akesundvall.se;C:\Users\niklas.sviden\OneDrive - Åke Sundvalls Byggnads AB\SPELET 2\Bilder\Skapade bilder\Dotterbolag Karma Kvartersbolag AB.png;COO-3;Generalen;Hård leverans;2;-;1;1;-;-;Säger nej oftare än ja och betyder det varje gång. Leveranserna kommer i tid, budgeten håller, ursäkterna saknas. Briljant i pressade lägen - men öppna hjärtan bygger inte Generalen, det är ABM-rapportens jobb.;Levererade Kvarteret Norra Stenen tre veckor före tidplan — och 9 % under budget;Bytte underentreprenör tre veckor in i ett projekt utan att tappa fart;Skickade tillbaka 23 ton armering med ord ingen i ledningen vill upprepa;Höll alla 11 milstolpar på sju parallella projekt under det år som mest gick fel i branschen;#7A2020;#7A2020;C:\Users\niklas.sviden\OneDrive - Åke Sundvalls Byggnads AB\SPELET 2\Bilder\Skapade bilder\COO Generalen.png;#7A2020;#FCF6EF
M34;Karma Kvartersbolag AB;COO;Natasha Mridha;Natasha;natasha.mridha@akesundvall.se;C:\Users\niklas.sviden\OneDrive - Åke Sundvalls Byggnads AB\SPELET 2\Bilder\Skapade bilder\Dotterbolag Karma Kvartersbolag AB.png;COO-4;Pionjären;Digital drift;-;-;1;1;2;-;Pilotar drönare över bygget och bygger om Excel till Power BI på en eftermiddag. Plockar bort minuter ur varje delprocess. Risk är att förändringen blir snabbare än organisationens mage - men det är en lyxoro.;Implementerade BIM på samtliga projekt — sex månader före branschsnittet;Byggde dashboards som ersatte 14 manuella excel-rapporter;Pilotade drönarinventering på två projekt — sparade 600 mantimmar enbart på lägeskontroller;Fick byggarbetsplatserna att skanna leveranskvitton i mobilen — försvunna fakturor: noll på två år;#7A2020;#7A2020;C:\Users\niklas.sviden\OneDrive - Åke Sundvalls Byggnads AB\SPELET 2\Bilder\Skapade bilder\COO Pionjären.png;#7A2020;#FCF6EF
M34;Karma Kvartersbolag AB;COO;Natasha Mridha;Natasha;natasha.mridha@akesundvall.se;C:\Users\niklas.sviden\OneDrive - Åke Sundvalls Byggnads AB\SPELET 2\Bilder\Skapade bilder\Dotterbolag Karma Kvartersbolag AB.png;COO-5;Bron;Tvärfunktionell samordning;-;1;2;-;-;1;Tolk mellan kontoret och fältet, mellan ekonomi och produktion, mellan styrelse och stomresare. Får människor som inte talar samma språk att förstå varandra ändå. Den dag Bron har semester ställs sex möten in.;Översatte mellan ekonomi och produktion under en tre månader lång konflikt — de pratar fortfarande;Designade ett samordningsmöte på 30 minuter som ersatte tre möten på sammanlagt fyra timmar;Fick styrelsen och stomresarna att förstå varandras kalendrar efter sju år av missförstånd;Etablerade ett gemensamt språk mellan inköp och projekt som överlevt två organisationsförändringar;#7A2020;#7A2020;C:\Users\niklas.sviden\OneDrive - Åke Sundvalls Byggnads AB\SPELET 2\Bilder\Skapade bilder\COO Bron.png;#7A2020;#FCF6EF
M34;Karma Kvartersbolag AB;COO;Natasha Mridha;Natasha;natasha.mridha@akesundvall.se;C:\Users\niklas.sviden\OneDrive - Åke Sundvalls Byggnads AB\SPELET 2\Bilder\Skapade bilder\Dotterbolag Karma Kvartersbolag AB.png;COO-6;Brandsläckaren;Akutoperationer;1;-;-;2;-;1;Står där det brinner och rycker ut innan någon hunnit larma. Detaljkoll, snabb fot, iskall under press. Den långsiktiga planeringen blir ibland lidande - för det dyker alltid upp en ny brand som behöver släckas först.;Hanterade en grävmaskinincident inom 90 minuter — inga personskador, inga försäkringskrav;Ledde övergången efter huvudentreprenörens konkurs en fredag eftermiddag — produktionen rullade på måndagen;Tog över ett projekt två veckor före slutbesiktning som tappat sju nyckelroller;Räddade en kvalitetsavvikelse på 47 lägenheter med en lösning varken arkitekten eller byggherren trott var möjlig;#7A2020;#7A2020;C:\Users\niklas.sviden\OneDrive - Åke Sundvalls Byggnads AB\SPELET 2\Bilder\Skapade bilder\COO Brandsläckaren.png;#7A2020;#FCF6EF
M37;Karma Kvartersbolag AB;CEO;Oskar Lins;Oskar;oskar.lins@akesundvall.se;C:\Users\niklas.sviden\OneDrive - Åke Sundvalls Byggnads AB\SPELET 2\Bilder\Skapade bilder\Dotterbolag Karma Kvartersbolag AB.png;CEO-1;Skepparen;Vision & strategi;2;1;-;-;1;-;Står på berget och pekar. När alla andra ser molnen ser Riktningsgivaren horisonten. Stark hand på rodret och en gnista nytänkande - men frågar du om kvartalsbokslutet kommer det vara någon annan som svarar.;"Lade fram femårsstrategin ""Vägen mot 5000 lägenheter"" — antagen av styrelsen efter en eftermiddag";Vände bolagets riktning mot mixed-use efter en kaffe med kommunalrådet;Övertygade ägarna att avveckla logistikportföljen två år innan marknaden vände;Etablerade samarbete med internationellt arkitektkontor som ingen i branschen kände till;#7A2020;#7A2020;C:\Users\niklas.sviden\OneDrive - Åke Sundvalls Byggnads AB\SPELET 2\Bilder\Skapade bilder\CEO Skepparen.png;#7A2020;#FCF6EF
M37;Karma Kvartersbolag AB;CEO;Oskar Lins;Oskar;oskar.lins@akesundvall.se;C:\Users\niklas.sviden\OneDrive - Åke Sundvalls Byggnads AB\SPELET 2\Bilder\Skapade bilder\Dotterbolag Karma Kvartersbolag AB.png;CEO-2;Förhandlaren;Affärer & relationer;1;2;1;-;-;-;Stänger affärer på bakplanet av en lunch och hinner samtidigt komma ihåg din frus namn. Skickligast i rummet på att få ett ja - men det betyder också att kalendern ofta gungar och detaljerna lämnas till någon annan.;Stängde markförvärvet i Norra Hamnen tre veckor före konkurrenten — handslag, papper sen;Förhandlade upp markpriset 9 % efter en gemensam middag;Räddade ett dröjande JV-avtal med ett samtal till ordförandens fru;Drev fyra parallella förhandlingar under en och samma kvartalspresentation;#7A2020;#7A2020;C:\Users\niklas.sviden\OneDrive - Åke Sundvalls Byggnads AB\SPELET 2\Bilder\Skapade bilder\CEO Förhandlaren.png;#7A2020;#FCF6EF
M37;Karma Kvartersbolag AB;CEO;Oskar Lins;Oskar;oskar.lins@akesundvall.se;C:\Users\niklas.sviden\OneDrive - Åke Sundvalls Byggnads AB\SPELET 2\Bilder\Skapade bilder\Dotterbolag Karma Kvartersbolag AB.png;CEO-3;Värden;Företagskultur;1;1;-;-;-;2;Tror på att kulturen är hela husgrunden. Bygger ett bolag där folk vill stanna kvar - hög lojalitet, låg sjukfrånvaro, stabilt fundament. Tempot är mjukare och de hårda affärsbesluten kan dröja, men ingen blir kvarglömd på vägen.;Sänkte sjukfrånvaron från 8 % till 3 % på två år;Byggde mentorprogram som nu har tre års kö;Stoppade en redan annonserad omorganisation efter att ha läst stämningen rätt;"Tog hem ""Årets arbetsgivare"" samma år som bolaget gjorde sin lägsta marginal någonsin";#7A2020;#7A2020;C:\Users\niklas.sviden\OneDrive - Åke Sundvalls Byggnads AB\SPELET 2\Bilder\Skapade bilder\CEO Värden.png;#7A2020;#FCF6EF
M37;Karma Kvartersbolag AB;CEO;Oskar Lins;Oskar;oskar.lins@akesundvall.se;C:\Users\niklas.sviden\OneDrive - Åke Sundvalls Byggnads AB\SPELET 2\Bilder\Skapade bilder\Dotterbolag Karma Kvartersbolag AB.png;CEO-4;Profilen;Profil & opinionsbildning;1;2;-;-;1;-;Talar i Almedalen, sitter i panel på Business Arena, citeras i DI varje torsdag. Sätter bolaget på kartan och drar nya kunder med ett tonfall - men huset hemma ska helst sköta sig självt under tiden.;Talade på tre rikstäckande paneler under samma vecka — tre olika budskap, alla väl mottagna;Citerades 47 gånger i Dagens Industri under ett år;Fick stadens kommunalråd att lyfta bolagets vision i nyårstalet;Lanserade en hashtag som tog över byggbranschen i sex månader;#7A2020;#7A2020;C:\Users\niklas.sviden\OneDrive - Åke Sundvalls Byggnads AB\SPELET 2\Bilder\Skapade bilder\CEO Profilen.png;#7A2020;#FCF6EF
M37;Karma Kvartersbolag AB;CEO;Oskar Lins;Oskar;oskar.lins@akesundvall.se;C:\Users\niklas.sviden\OneDrive - Åke Sundvalls Byggnads AB\SPELET 2\Bilder\Skapade bilder\Dotterbolag Karma Kvartersbolag AB.png;CEO-5;Klippan;Krisledarskap;2;-;-;1;-;1;När larmet går blir alla lugnare bara av att se Klippan sätta sig vid bordet. Trygghet på riktigt, ordning i kaos och blick för säkerhet - men tystlåten i medvind, sällan den som tänder festen.;Höll bolaget samlat under huvudentreprenörens konkurs — inga uppsägningar, inga försenade etapper;Ledde insatsen efter översvämningen — alla uthyrda lägenheter bebodda igen inom åtta veckor;Tog över ledningen under förra VD:ns sjukskrivning utan att någon utomstående märkte;Hanterade en arbetsplatsolycka på ett sätt facket sedan höll fram som modellexempel;#7A2020;#7A2020;C:\Users\niklas.sviden\OneDrive - Åke Sundvalls Byggnads AB\SPELET 2\Bilder\Skapade bilder\CEO Klippan.png;#7A2020;#FCF6EF
M37;Karma Kvartersbolag AB;CEO;Oskar Lins;Oskar;oskar.lins@akesundvall.se;C:\Users\niklas.sviden\OneDrive - Åke Sundvalls Byggnads AB\SPELET 2\Bilder\Skapade bilder\Dotterbolag Karma Kvartersbolag AB.png;CEO-6;Medlaren;Inkluderande ledarskap;1;1;2;-;-;-;Kallar in alla, lyssnar på alla, får alla med på båten. Beslut förankras stenhårt och ingen stångar emot på vägen ut ur rummet. Priset är att processen tar tid - och den första att bli otålig är konkurrenten.;Fick fyra disparata JV-partners att enas om gemensam utvecklingsplan på två workshops;Förenade två sammanslagna ledningsgrupper utan att en enda chef sa upp sig;Tog en kontroversiell omorganisation i mål efter ett halvårs förankring — inga interna utspel;Förhandlade fram en ny entreprenadmodell som både byggherre och entreprenör vill prata om publikt;#7A2020;#7A2020;C:\Users\niklas.sviden\OneDrive - Åke Sundvalls Byggnads AB\SPELET 2\Bilder\Skapade bilder\CEO Medlaren.png;#7A2020;#FCF6EF
M8;Lavendelängen Stadsbygg;CEO;Birgitta Burman;Birgitta;birgitta.burman@akesundvall.se;C:\Users\niklas.sviden\OneDrive - Åke Sundvalls Byggnads AB\SPELET 2\Bilder\Skapade bilder\Dotterbolag Lavendelängen Stadsbygg.png;CEO-1;Skepparen;Vision & strategi;2;1;-;-;1;-;Står på berget och pekar. När alla andra ser molnen ser Riktningsgivaren horisonten. Stark hand på rodret och en gnista nytänkande - men frågar du om kvartalsbokslutet kommer det vara någon annan som svarar.;"Lade fram femårsstrategin ""Vägen mot 5000 lägenheter"" — antagen av styrelsen efter en eftermiddag";Vände bolagets riktning mot mixed-use efter en kaffe med kommunalrådet;Övertygade ägarna att avveckla logistikportföljen två år innan marknaden vände;Etablerade samarbete med internationellt arkitektkontor som ingen i branschen kände till;#7A2020;#7A2020;C:\Users\niklas.sviden\OneDrive - Åke Sundvalls Byggnads AB\SPELET 2\Bilder\Skapade bilder\CEO Skepparen.png;#7A2020;#FCF6EF
M8;Lavendelängen Stadsbygg;CEO;Birgitta Burman;Birgitta;birgitta.burman@akesundvall.se;C:\Users\niklas.sviden\OneDrive - Åke Sundvalls Byggnads AB\SPELET 2\Bilder\Skapade bilder\Dotterbolag Lavendelängen Stadsbygg.png;CEO-2;Förhandlaren;Affärer & relationer;1;2;1;-;-;-;Stänger affärer på bakplanet av en lunch och hinner samtidigt komma ihåg din frus namn. Skickligast i rummet på att få ett ja - men det betyder också att kalendern ofta gungar och detaljerna lämnas till någon annan.;Stängde markförvärvet i Norra Hamnen tre veckor före konkurrenten — handslag, papper sen;Förhandlade upp markpriset 9 % efter en gemensam middag;Räddade ett dröjande JV-avtal med ett samtal till ordförandens fru;Drev fyra parallella förhandlingar under en och samma kvartalspresentation;#7A2020;#7A2020;C:\Users\niklas.sviden\OneDrive - Åke Sundvalls Byggnads AB\SPELET 2\Bilder\Skapade bilder\CEO Förhandlaren.png;#7A2020;#FCF6EF
M8;Lavendelängen Stadsbygg;CEO;Birgitta Burman;Birgitta;birgitta.burman@akesundvall.se;C:\Users\niklas.sviden\OneDrive - Åke Sundvalls Byggnads AB\SPELET 2\Bilder\Skapade bilder\Dotterbolag Lavendelängen Stadsbygg.png;CEO-3;Värden;Företagskultur;1;1;-;-;-;2;Tror på att kulturen är hela husgrunden. Bygger ett bolag där folk vill stanna kvar - hög lojalitet, låg sjukfrånvaro, stabilt fundament. Tempot är mjukare och de hårda affärsbesluten kan dröja, men ingen blir kvarglömd på vägen.;Sänkte sjukfrånvaron från 8 % till 3 % på två år;Byggde mentorprogram som nu har tre års kö;Stoppade en redan annonserad omorganisation efter att ha läst stämningen rätt;"Tog hem ""Årets arbetsgivare"" samma år som bolaget gjorde sin lägsta marginal någonsin";#7A2020;#7A2020;C:\Users\niklas.sviden\OneDrive - Åke Sundvalls Byggnads AB\SPELET 2\Bilder\Skapade bilder\CEO Värden.png;#7A2020;#FCF6EF
M8;Lavendelängen Stadsbygg;CEO;Birgitta Burman;Birgitta;birgitta.burman@akesundvall.se;C:\Users\niklas.sviden\OneDrive - Åke Sundvalls Byggnads AB\SPELET 2\Bilder\Skapade bilder\Dotterbolag Lavendelängen Stadsbygg.png;CEO-4;Profilen;Profil & opinionsbildning;1;2;-;-;1;-;Talar i Almedalen, sitter i panel på Business Arena, citeras i DI varje torsdag. Sätter bolaget på kartan och drar nya kunder med ett tonfall - men huset hemma ska helst sköta sig självt under tiden.;Talade på tre rikstäckande paneler under samma vecka — tre olika budskap, alla väl mottagna;Citerades 47 gånger i Dagens Industri under ett år;Fick stadens kommunalråd att lyfta bolagets vision i nyårstalet;Lanserade en hashtag som tog över byggbranschen i sex månader;#7A2020;#7A2020;C:\Users\niklas.sviden\OneDrive - Åke Sundvalls Byggnads AB\SPELET 2\Bilder\Skapade bilder\CEO Profilen.png;#7A2020;#FCF6EF
M8;Lavendelängen Stadsbygg;CEO;Birgitta Burman;Birgitta;birgitta.burman@akesundvall.se;C:\Users\niklas.sviden\OneDrive - Åke Sundvalls Byggnads AB\SPELET 2\Bilder\Skapade bilder\Dotterbolag Lavendelängen Stadsbygg.png;CEO-5;Klippan;Krisledarskap;2;-;-;1;-;1;När larmet går blir alla lugnare bara av att se Klippan sätta sig vid bordet. Trygghet på riktigt, ordning i kaos och blick för säkerhet - men tystlåten i medvind, sällan den som tänder festen.;Höll bolaget samlat under huvudentreprenörens konkurs — inga uppsägningar, inga försenade etapper;Ledde insatsen efter översvämningen — alla uthyrda lägenheter bebodda igen inom åtta veckor;Tog över ledningen under förra VD:ns sjukskrivning utan att någon utomstående märkte;Hanterade en arbetsplatsolycka på ett sätt facket sedan höll fram som modellexempel;#7A2020;#7A2020;C:\Users\niklas.sviden\OneDrive - Åke Sundvalls Byggnads AB\SPELET 2\Bilder\Skapade bilder\CEO Klippan.png;#7A2020;#FCF6EF
M8;Lavendelängen Stadsbygg;CEO;Birgitta Burman;Birgitta;birgitta.burman@akesundvall.se;C:\Users\niklas.sviden\OneDrive - Åke Sundvalls Byggnads AB\SPELET 2\Bilder\Skapade bilder\Dotterbolag Lavendelängen Stadsbygg.png;CEO-6;Medlaren;Inkluderande ledarskap;1;1;2;-;-;-;Kallar in alla, lyssnar på alla, får alla med på båten. Beslut förankras stenhårt och ingen stångar emot på vägen ut ur rummet. Priset är att processen tar tid - och den första att bli otålig är konkurrenten.;Fick fyra disparata JV-partners att enas om gemensam utvecklingsplan på två workshops;Förenade två sammanslagna ledningsgrupper utan att en enda chef sa upp sig;Tog en kontroversiell omorganisation i mål efter ett halvårs förankring — inga interna utspel;Förhandlade fram en ny entreprenadmodell som både byggherre och entreprenör vill prata om publikt;#7A2020;#7A2020;C:\Users\niklas.sviden\OneDrive - Åke Sundvalls Byggnads AB\SPELET 2\Bilder\Skapade bilder\CEO Medlaren.png;#7A2020;#FCF6EF
M9;Lavendelängen Stadsbygg;COO;Björn Skytt;Björn;bjorn.skytt@akesundvall.se;C:\Users\niklas.sviden\OneDrive - Åke Sundvalls Byggnads AB\SPELET 2\Bilder\Skapade bilder\Dotterbolag Lavendelängen Stadsbygg.png;COO-1;Urmakaren;Drift & flöden;-;-;2;2;-;-;Får hjulen att snurra utan att någon märker hur. Allt flyter, alla deadlines hålls, leveransen kommer innan kunden ringt. Tar inte plats i rampljuset - men slutar Maskinrumsmästaren komma till jobbet stannar tåget på dag tre.;Optimerade leveransflödet på 14 byggprojekt — sänkte stilleståndstid med 22 %;Designade ett produktionsflöde där varje vecka börjar och slutar likadant;Halverade tiden från upphandling till spaden i jorden genom standardisering;Bytte till just-in-time-leverans på fönster och dörrar — ingen byggplats har klagat sedan;#7A2020;#7A2020;C:\Users\niklas.sviden\OneDrive - Åke Sundvalls Byggnads AB\SPELET 2\Bilder\Skapade bilder\COO Urmakaren.png;#7A2020;#FCF6EF
M9;Lavendelängen Stadsbygg;COO;Björn Skytt;Björn;bjorn.skytt@akesundvall.se;C:\Users\niklas.sviden\OneDrive - Åke Sundvalls Byggnads AB\SPELET 2\Bilder\Skapade bilder\Dotterbolag Lavendelängen Stadsbygg.png;COO-2;Förmannen;Människor & miljö;-;1;1;-;-;2;Pratar med snickaren först och vd:n sist. Kör runt med kaffe och fångar upp signaler innan de blir konflikter. Lojaliteten i organisationen är skyhög - men styrelsen efterlyser ibland mer hårda siffror i föredragningarna.;Höll personalomsättningen under 4 % i fem år;Stoppade en arbetsmiljöincident som var på väg att bli allvarlig — dagen före;Fick byggarbetsplatserna att rapportera fler tillbud än någonsin tidigare — utan att någon kände sig påhoppad;"Drev igenom heta arbetstillstånd även där ""alla redan visste""";#7A2020;#7A2020;C:\Users\niklas.sviden\OneDrive - Åke Sundvalls Byggnads AB\SPELET 2\Bilder\Skapade bilder\COO Förmannen.png;#7A2020;#FCF6EF
M9;Lavendelängen Stadsbygg;COO;Björn Skytt;Björn;bjorn.skytt@akesundvall.se;C:\Users\niklas.sviden\OneDrive - Åke Sundvalls Byggnads AB\SPELET 2\Bilder\Skapade bilder\Dotterbolag Lavendelängen Stadsbygg.png;COO-3;Generalen;Hård leverans;2;-;1;1;-;-;Säger nej oftare än ja och betyder det varje gång. Leveranserna kommer i tid, budgeten håller, ursäkterna saknas. Briljant i pressade lägen - men öppna hjärtan bygger inte Generalen, det är ABM-rapportens jobb.;Levererade Kvarteret Norra Stenen tre veckor före tidplan — och 9 % under budget;Bytte underentreprenör tre veckor in i ett projekt utan att tappa fart;Skickade tillbaka 23 ton armering med ord ingen i ledningen vill upprepa;Höll alla 11 milstolpar på sju parallella projekt under det år som mest gick fel i branschen;#7A2020;#7A2020;C:\Users\niklas.sviden\OneDrive - Åke Sundvalls Byggnads AB\SPELET 2\Bilder\Skapade bilder\COO Generalen.png;#7A2020;#FCF6EF
M9;Lavendelängen Stadsbygg;COO;Björn Skytt;Björn;bjorn.skytt@akesundvall.se;C:\Users\niklas.sviden\OneDrive - Åke Sundvalls Byggnads AB\SPELET 2\Bilder\Skapade bilder\Dotterbolag Lavendelängen Stadsbygg.png;COO-4;Pionjären;Digital drift;-;-;1;1;2;-;Pilotar drönare över bygget och bygger om Excel till Power BI på en eftermiddag. Plockar bort minuter ur varje delprocess. Risk är att förändringen blir snabbare än organisationens mage - men det är en lyxoro.;Implementerade BIM på samtliga projekt — sex månader före branschsnittet;Byggde dashboards som ersatte 14 manuella excel-rapporter;Pilotade drönarinventering på två projekt — sparade 600 mantimmar enbart på lägeskontroller;Fick byggarbetsplatserna att skanna leveranskvitton i mobilen — försvunna fakturor: noll på två år;#7A2020;#7A2020;C:\Users\niklas.sviden\OneDrive - Åke Sundvalls Byggnads AB\SPELET 2\Bilder\Skapade bilder\COO Pionjären.png;#7A2020;#FCF6EF
M9;Lavendelängen Stadsbygg;COO;Björn Skytt;Björn;bjorn.skytt@akesundvall.se;C:\Users\niklas.sviden\OneDrive - Åke Sundvalls Byggnads AB\SPELET 2\Bilder\Skapade bilder\Dotterbolag Lavendelängen Stadsbygg.png;COO-5;Bron;Tvärfunktionell samordning;-;1;2;-;-;1;Tolk mellan kontoret och fältet, mellan ekonomi och produktion, mellan styrelse och stomresare. Får människor som inte talar samma språk att förstå varandra ändå. Den dag Bron har semester ställs sex möten in.;Översatte mellan ekonomi och produktion under en tre månader lång konflikt — de pratar fortfarande;Designade ett samordningsmöte på 30 minuter som ersatte tre möten på sammanlagt fyra timmar;Fick styrelsen och stomresarna att förstå varandras kalendrar efter sju år av missförstånd;Etablerade ett gemensamt språk mellan inköp och projekt som överlevt två organisationsförändringar;#7A2020;#7A2020;C:\Users\niklas.sviden\OneDrive - Åke Sundvalls Byggnads AB\SPELET 2\Bilder\Skapade bilder\COO Bron.png;#7A2020;#FCF6EF
M9;Lavendelängen Stadsbygg;COO;Björn Skytt;Björn;bjorn.skytt@akesundvall.se;C:\Users\niklas.sviden\OneDrive - Åke Sundvalls Byggnads AB\SPELET 2\Bilder\Skapade bilder\Dotterbolag Lavendelängen Stadsbygg.png;COO-6;Brandsläckaren;Akutoperationer;1;-;-;2;-;1;Står där det brinner och rycker ut innan någon hunnit larma. Detaljkoll, snabb fot, iskall under press. Den långsiktiga planeringen blir ibland lidande - för det dyker alltid upp en ny brand som behöver släckas först.;Hanterade en grävmaskinincident inom 90 minuter — inga personskador, inga försäkringskrav;Ledde övergången efter huvudentreprenörens konkurs en fredag eftermiddag — produktionen rullade på måndagen;Tog över ett projekt två veckor före slutbesiktning som tappat sju nyckelroller;Räddade en kvalitetsavvikelse på 47 lägenheter med en lösning varken arkitekten eller byggherren trott var möjlig;#7A2020;#7A2020;C:\Users\niklas.sviden\OneDrive - Åke Sundvalls Byggnads AB\SPELET 2\Bilder\Skapade bilder\COO Brandsläckaren.png;#7A2020;#FCF6EF
M40;Lavendelängen Stadsbygg;CFO;Richard Schedin;Richard;richard.schedin@akesundvall.se;C:\Users\niklas.sviden\OneDrive - Åke Sundvalls Byggnads AB\SPELET 2\Bilder\Skapade bilder\Dotterbolag Lavendelängen Stadsbygg.png;CFO-1;Rödpennan;Detaljerad ekonomi;1;-;1;2;-;-;Hittar tolvkronan i en hundramiljonersbudget och ringer dig om den klockan halv åtta på en torsdag. Inget passerar oupptäckt. Mindre lustig att sitta bredvid på en projektgenomgång - men kostnadskontrollen är kompromisslös.;Hittade en felaktig periodisering som kostat bolaget 4,2 mkr om året i tio år;Granskade 17 leverantörsavtal in i minsta detalj och förhandlade ner snittpriset 6,3 %;Implementerade kostnadsuppföljning per arbetspaket på alla projekt — projektcheferna grät de första två månaderna;Avslöjade ett mönster i ÄTA-arbeten som ledde till en tvist bolaget sedan vann;#7A2020;#7A2020;C:\Users\niklas.sviden\OneDrive - Åke Sundvalls Byggnads AB\SPELET 2\Bilder\Skapade bilder\CFO Rödpennan.png;#7A2020;#FCF6EF
M40;Lavendelängen Stadsbygg;CFO;Richard Schedin;Richard;richard.schedin@akesundvall.se;C:\Users\niklas.sviden\OneDrive - Åke Sundvalls Byggnads AB\SPELET 2\Bilder\Skapade bilder\Dotterbolag Lavendelängen Stadsbygg.png;CFO-2;Strategen;Affärsstrategisk ekonomi;2;1;-;1;-;-;Räknar inte bara - bygger affärsmodellen från grunden. Ser portföljen som ett schackbräde och flyttar pjäserna med långsiktig blick. Om någon i ledningsgruppen ifrågasätter en investering har Strategen redan tre framtidsscenarier i bakfickan.;Modellerade tre finansieringsstrukturer för en stadsdelsutveckling — alla tre antogs av styrelsen, en valdes;Föreslog uppdelning av portföljen i två bolag tre år innan branschen följde efter;Konstruerade ett hybridlån som öppnade investeringsdörren på 1,4 mdr när banken hade stängt;Designade en avkastningsmodell som fortfarande används av bolagets investerargrupp;#7A2020;#7A2020;C:\Users\niklas.sviden\OneDrive - Åke Sundvalls Byggnads AB\SPELET 2\Bilder\Skapade bilder\CFO Strategen.png;#7A2020;#FCF6EF
M40;Lavendelängen Stadsbygg;CFO;Richard Schedin;Richard;richard.schedin@akesundvall.se;C:\Users\niklas.sviden\OneDrive - Åke Sundvalls Byggnads AB\SPELET 2\Bilder\Skapade bilder\Dotterbolag Lavendelängen Stadsbygg.png;CFO-3;Vakthunden;Riskhantering;1;-;-;2;-;1;Försiktigheten på två ben. Säger nej oftare än ja och har elva worst-case-scenarier i varje föredragning. Räddar bolaget från det som aldrig händer - vilket är problemet, för man får aldrig veta hur många kriser som faktiskt undveks.;Avrådde från ett markförvärv tre månader före räntechocken — sparade bolaget uppskattningsvis 110 mkr;Implementerade ett scenarioarbete styrelsen nu kräver för varje förvärv över 50 mkr;Fick valutakursförsäkring på plats två veckor före kronfallet — inte tur, det stod i excelmodellen;Identifierade en juridisk svaghet i ett markköpsavtal som hade kunnat kosta bolaget hela investeringen;#7A2020;#7A2020;C:\Users\niklas.sviden\OneDrive - Åke Sundvalls Byggnads AB\SPELET 2\Bilder\Skapade bilder\CFO Vakthunden.png;#7A2020;#FCF6EF
M40;Lavendelängen Stadsbygg;CFO;Richard Schedin;Richard;richard.schedin@akesundvall.se;C:\Users\niklas.sviden\OneDrive - Åke Sundvalls Byggnads AB\SPELET 2\Bilder\Skapade bilder\Dotterbolag Lavendelängen Stadsbygg.png;CFO-4;Statistikern;Modern controlling;-;1;-;1;2;-;Ekonomi i realtid på en dashboard som uppdateras varje natt klockan tre. Drar in BI-verktyg där andra fortfarande mejlar Excel-filer. Bygger framtidens controlling - så länge du står ut med entusiastiska föredragningar om datakvalitet.;Byggde en BI-plattform som gav projektmarginalsiffror i realtid — inte två månader senare;Implementerade rullande prognoser med scenarioanalys på fem variabler — styrelsen läser dem först av allt;Konsoliderade 12 olika excel-modeller till en enda Power BI-instans;Fick controllers från fyra dotterbolag att rapportera i samma datamodell — det tog ett år, men nu rullar det;#7A2020;#7A2020;C:\Users\niklas.sviden\OneDrive - Åke Sundvalls Byggnads AB\SPELET 2\Bilder\Skapade bilder\CFO Statistikern.png;#7A2020;#FCF6EF
M40;Lavendelängen Stadsbygg;CFO;Richard Schedin;Richard;richard.schedin@akesundvall.se;C:\Users\niklas.sviden\OneDrive - Åke Sundvalls Byggnads AB\SPELET 2\Bilder\Skapade bilder\Dotterbolag Lavendelängen Stadsbygg.png;CFO-5;Berättaren;Investerar- & styrelsekommunikation;1;2;-;1;-;-;Förvandlar delårsrapporten från siffersoppa till berättelse. Styrelsen lyssnar, banken nickar, ägarna sover gott. Tar tid från detaljarbetet - men en CFO som kan kommunicera är värd flera procentenheter i förtroendekapital.;Skrev om årsredovisningen så att bankens kreditkommitté hörde av sig och bad hen komma och föreläsa;Höll emissionen lugn medan två konkurrenter pausade sina — investerarberättelsen höll;Fick en ovillig styrelseledamot att rösta för en kontroversiell investering med en enda slidesammanställning;Etablerade ett kvartalsformat för ägarkommunikation som inte ändrats på fem år — för att det fungerar;#7A2020;#7A2020;C:\Users\niklas.sviden\OneDrive - Åke Sundvalls Byggnads AB\SPELET 2\Bilder\Skapade bilder\CFO Berättaren.png;#7A2020;#FCF6EF
M40;Lavendelängen Stadsbygg;CFO;Richard Schedin;Richard;richard.schedin@akesundvall.se;C:\Users\niklas.sviden\OneDrive - Åke Sundvalls Byggnads AB\SPELET 2\Bilder\Skapade bilder\Dotterbolag Lavendelängen Stadsbygg.png;CFO-6;Skattmästaren;Klassisk ekonomi;2;-;-;2;-;-;Trettio år i samma stol och har bokfört allt själv minst en gång. Stenhård budgetdisciplin, järnkoll på balansräkningen, traditionellt och ologiskt enkelt. Modern teknik är något andra får leka med - skattmästaren räknar för hand och stämmer alltid.;Bokslut levererat senast tre veckor efter periodslut — 17 år i rad;Stängde två gamla balansposter ingen vågat röra sedan tidigt 2000-tal;Fick revisorerna att skriva under utan en enda anmärkning fem år i rad;Vägrar adoptera nya redovisningsstandarder förrän de är obligatoriska — och har aldrig haft fel;#7A2020;#7A2020;C:\Users\niklas.sviden\OneDrive - Åke Sundvalls Byggnads AB\SPELET 2\Bilder\Skapade bilder\CFO Skattmästaren.png;#7A2020;#FCF6EF
M20;Londongatan Stadsbygg;COO;Ihsan Kayhan;Ihsan;ihsan.kayhan@akesundvall.se;C:\Users\niklas.sviden\OneDrive - Åke Sundvalls Byggnads AB\SPELET 2\Bilder\Skapade bilder\Dotterbolag Londongatan Stadsbygg.png;COO-1;Urmakaren;Drift & flöden;-;-;2;2;-;-;Får hjulen att snurra utan att någon märker hur. Allt flyter, alla deadlines hålls, leveransen kommer innan kunden ringt. Tar inte plats i rampljuset - men slutar Maskinrumsmästaren komma till jobbet stannar tåget på dag tre.;Optimerade leveransflödet på 14 byggprojekt — sänkte stilleståndstid med 22 %;Designade ett produktionsflöde där varje vecka börjar och slutar likadant;Halverade tiden från upphandling till spaden i jorden genom standardisering;Bytte till just-in-time-leverans på fönster och dörrar — ingen byggplats har klagat sedan;#7A2020;#7A2020;C:\Users\niklas.sviden\OneDrive - Åke Sundvalls Byggnads AB\SPELET 2\Bilder\Skapade bilder\COO Urmakaren.png;#7A2020;#FCF6EF
M20;Londongatan Stadsbygg;COO;Ihsan Kayhan;Ihsan;ihsan.kayhan@akesundvall.se;C:\Users\niklas.sviden\OneDrive - Åke Sundvalls Byggnads AB\SPELET 2\Bilder\Skapade bilder\Dotterbolag Londongatan Stadsbygg.png;COO-2;Förmannen;Människor & miljö;-;1;1;-;-;2;Pratar med snickaren först och vd:n sist. Kör runt med kaffe och fångar upp signaler innan de blir konflikter. Lojaliteten i organisationen är skyhög - men styrelsen efterlyser ibland mer hårda siffror i föredragningarna.;Höll personalomsättningen under 4 % i fem år;Stoppade en arbetsmiljöincident som var på väg att bli allvarlig — dagen före;Fick byggarbetsplatserna att rapportera fler tillbud än någonsin tidigare — utan att någon kände sig påhoppad;"Drev igenom heta arbetstillstånd även där ""alla redan visste""";#7A2020;#7A2020;C:\Users\niklas.sviden\OneDrive - Åke Sundvalls Byggnads AB\SPELET 2\Bilder\Skapade bilder\COO Förmannen.png;#7A2020;#FCF6EF
M20;Londongatan Stadsbygg;COO;Ihsan Kayhan;Ihsan;ihsan.kayhan@akesundvall.se;C:\Users\niklas.sviden\OneDrive - Åke Sundvalls Byggnads AB\SPELET 2\Bilder\Skapade bilder\Dotterbolag Londongatan Stadsbygg.png;COO-3;Generalen;Hård leverans;2;-;1;1;-;-;Säger nej oftare än ja och betyder det varje gång. Leveranserna kommer i tid, budgeten håller, ursäkterna saknas. Briljant i pressade lägen - men öppna hjärtan bygger inte Generalen, det är ABM-rapportens jobb.;Levererade Kvarteret Norra Stenen tre veckor före tidplan — och 9 % under budget;Bytte underentreprenör tre veckor in i ett projekt utan att tappa fart;Skickade tillbaka 23 ton armering med ord ingen i ledningen vill upprepa;Höll alla 11 milstolpar på sju parallella projekt under det år som mest gick fel i branschen;#7A2020;#7A2020;C:\Users\niklas.sviden\OneDrive - Åke Sundvalls Byggnads AB\SPELET 2\Bilder\Skapade bilder\COO Generalen.png;#7A2020;#FCF6EF
M20;Londongatan Stadsbygg;COO;Ihsan Kayhan;Ihsan;ihsan.kayhan@akesundvall.se;C:\Users\niklas.sviden\OneDrive - Åke Sundvalls Byggnads AB\SPELET 2\Bilder\Skapade bilder\Dotterbolag Londongatan Stadsbygg.png;COO-4;Pionjären;Digital drift;-;-;1;1;2;-;Pilotar drönare över bygget och bygger om Excel till Power BI på en eftermiddag. Plockar bort minuter ur varje delprocess. Risk är att förändringen blir snabbare än organisationens mage - men det är en lyxoro.;Implementerade BIM på samtliga projekt — sex månader före branschsnittet;Byggde dashboards som ersatte 14 manuella excel-rapporter;Pilotade drönarinventering på två projekt — sparade 600 mantimmar enbart på lägeskontroller;Fick byggarbetsplatserna att skanna leveranskvitton i mobilen — försvunna fakturor: noll på två år;#7A2020;#7A2020;C:\Users\niklas.sviden\OneDrive - Åke Sundvalls Byggnads AB\SPELET 2\Bilder\Skapade bilder\COO Pionjären.png;#7A2020;#FCF6EF
M20;Londongatan Stadsbygg;COO;Ihsan Kayhan;Ihsan;ihsan.kayhan@akesundvall.se;C:\Users\niklas.sviden\OneDrive - Åke Sundvalls Byggnads AB\SPELET 2\Bilder\Skapade bilder\Dotterbolag Londongatan Stadsbygg.png;COO-5;Bron;Tvärfunktionell samordning;-;1;2;-;-;1;Tolk mellan kontoret och fältet, mellan ekonomi och produktion, mellan styrelse och stomresare. Får människor som inte talar samma språk att förstå varandra ändå. Den dag Bron har semester ställs sex möten in.;Översatte mellan ekonomi och produktion under en tre månader lång konflikt — de pratar fortfarande;Designade ett samordningsmöte på 30 minuter som ersatte tre möten på sammanlagt fyra timmar;Fick styrelsen och stomresarna att förstå varandras kalendrar efter sju år av missförstånd;Etablerade ett gemensamt språk mellan inköp och projekt som överlevt två organisationsförändringar;#7A2020;#7A2020;C:\Users\niklas.sviden\OneDrive - Åke Sundvalls Byggnads AB\SPELET 2\Bilder\Skapade bilder\COO Bron.png;#7A2020;#FCF6EF
M20;Londongatan Stadsbygg;COO;Ihsan Kayhan;Ihsan;ihsan.kayhan@akesundvall.se;C:\Users\niklas.sviden\OneDrive - Åke Sundvalls Byggnads AB\SPELET 2\Bilder\Skapade bilder\Dotterbolag Londongatan Stadsbygg.png;COO-6;Brandsläckaren;Akutoperationer;1;-;-;2;-;1;Står där det brinner och rycker ut innan någon hunnit larma. Detaljkoll, snabb fot, iskall under press. Den långsiktiga planeringen blir ibland lidande - för det dyker alltid upp en ny brand som behöver släckas först.;Hanterade en grävmaskinincident inom 90 minuter — inga personskador, inga försäkringskrav;Ledde övergången efter huvudentreprenörens konkurs en fredag eftermiddag — produktionen rullade på måndagen;Tog över ett projekt två veckor före slutbesiktning som tappat sju nyckelroller;Räddade en kvalitetsavvikelse på 47 lägenheter med en lösning varken arkitekten eller byggherren trott var möjlig;#7A2020;#7A2020;C:\Users\niklas.sviden\OneDrive - Åke Sundvalls Byggnads AB\SPELET 2\Bilder\Skapade bilder\COO Brandsläckaren.png;#7A2020;#FCF6EF
M33;Londongatan Stadsbygg;CFO;Mercy Belay;Mercy;mercy.belay@akesundvall.se;C:\Users\niklas.sviden\OneDrive - Åke Sundvalls Byggnads AB\SPELET 2\Bilder\Skapade bilder\Dotterbolag Londongatan Stadsbygg.png;CFO-1;Rödpennan;Detaljerad ekonomi;1;-;1;2;-;-;Hittar tolvkronan i en hundramiljonersbudget och ringer dig om den klockan halv åtta på en torsdag. Inget passerar oupptäckt. Mindre lustig att sitta bredvid på en projektgenomgång - men kostnadskontrollen är kompromisslös.;Hittade en felaktig periodisering som kostat bolaget 4,2 mkr om året i tio år;Granskade 17 leverantörsavtal in i minsta detalj och förhandlade ner snittpriset 6,3 %;Implementerade kostnadsuppföljning per arbetspaket på alla projekt — projektcheferna grät de första två månaderna;Avslöjade ett mönster i ÄTA-arbeten som ledde till en tvist bolaget sedan vann;#7A2020;#7A2020;C:\Users\niklas.sviden\OneDrive - Åke Sundvalls Byggnads AB\SPELET 2\Bilder\Skapade bilder\CFO Rödpennan.png;#7A2020;#FCF6EF
M33;Londongatan Stadsbygg;CFO;Mercy Belay;Mercy;mercy.belay@akesundvall.se;C:\Users\niklas.sviden\OneDrive - Åke Sundvalls Byggnads AB\SPELET 2\Bilder\Skapade bilder\Dotterbolag Londongatan Stadsbygg.png;CFO-2;Strategen;Affärsstrategisk ekonomi;2;1;-;1;-;-;Räknar inte bara - bygger affärsmodellen från grunden. Ser portföljen som ett schackbräde och flyttar pjäserna med långsiktig blick. Om någon i ledningsgruppen ifrågasätter en investering har Strategen redan tre framtidsscenarier i bakfickan.;Modellerade tre finansieringsstrukturer för en stadsdelsutveckling — alla tre antogs av styrelsen, en valdes;Föreslog uppdelning av portföljen i två bolag tre år innan branschen följde efter;Konstruerade ett hybridlån som öppnade investeringsdörren på 1,4 mdr när banken hade stängt;Designade en avkastningsmodell som fortfarande används av bolagets investerargrupp;#7A2020;#7A2020;C:\Users\niklas.sviden\OneDrive - Åke Sundvalls Byggnads AB\SPELET 2\Bilder\Skapade bilder\CFO Strategen.png;#7A2020;#FCF6EF
M33;Londongatan Stadsbygg;CFO;Mercy Belay;Mercy;mercy.belay@akesundvall.se;C:\Users\niklas.sviden\OneDrive - Åke Sundvalls Byggnads AB\SPELET 2\Bilder\Skapade bilder\Dotterbolag Londongatan Stadsbygg.png;CFO-3;Vakthunden;Riskhantering;1;-;-;2;-;1;Försiktigheten på två ben. Säger nej oftare än ja och har elva worst-case-scenarier i varje föredragning. Räddar bolaget från det som aldrig händer - vilket är problemet, för man får aldrig veta hur många kriser som faktiskt undveks.;Avrådde från ett markförvärv tre månader före räntechocken — sparade bolaget uppskattningsvis 110 mkr;Implementerade ett scenarioarbete styrelsen nu kräver för varje förvärv över 50 mkr;Fick valutakursförsäkring på plats två veckor före kronfallet — inte tur, det stod i excelmodellen;Identifierade en juridisk svaghet i ett markköpsavtal som hade kunnat kosta bolaget hela investeringen;#7A2020;#7A2020;C:\Users\niklas.sviden\OneDrive - Åke Sundvalls Byggnads AB\SPELET 2\Bilder\Skapade bilder\CFO Vakthunden.png;#7A2020;#FCF6EF
M33;Londongatan Stadsbygg;CFO;Mercy Belay;Mercy;mercy.belay@akesundvall.se;C:\Users\niklas.sviden\OneDrive - Åke Sundvalls Byggnads AB\SPELET 2\Bilder\Skapade bilder\Dotterbolag Londongatan Stadsbygg.png;CFO-4;Statistikern;Modern controlling;-;1;-;1;2;-;Ekonomi i realtid på en dashboard som uppdateras varje natt klockan tre. Drar in BI-verktyg där andra fortfarande mejlar Excel-filer. Bygger framtidens controlling - så länge du står ut med entusiastiska föredragningar om datakvalitet.;Byggde en BI-plattform som gav projektmarginalsiffror i realtid — inte två månader senare;Implementerade rullande prognoser med scenarioanalys på fem variabler — styrelsen läser dem först av allt;Konsoliderade 12 olika excel-modeller till en enda Power BI-instans;Fick controllers från fyra dotterbolag att rapportera i samma datamodell — det tog ett år, men nu rullar det;#7A2020;#7A2020;C:\Users\niklas.sviden\OneDrive - Åke Sundvalls Byggnads AB\SPELET 2\Bilder\Skapade bilder\CFO Statistikern.png;#7A2020;#FCF6EF
M33;Londongatan Stadsbygg;CFO;Mercy Belay;Mercy;mercy.belay@akesundvall.se;C:\Users\niklas.sviden\OneDrive - Åke Sundvalls Byggnads AB\SPELET 2\Bilder\Skapade bilder\Dotterbolag Londongatan Stadsbygg.png;CFO-5;Berättaren;Investerar- & styrelsekommunikation;1;2;-;1;-;-;Förvandlar delårsrapporten från siffersoppa till berättelse. Styrelsen lyssnar, banken nickar, ägarna sover gott. Tar tid från detaljarbetet - men en CFO som kan kommunicera är värd flera procentenheter i förtroendekapital.;Skrev om årsredovisningen så att bankens kreditkommitté hörde av sig och bad hen komma och föreläsa;Höll emissionen lugn medan två konkurrenter pausade sina — investerarberättelsen höll;Fick en ovillig styrelseledamot att rösta för en kontroversiell investering med en enda slidesammanställning;Etablerade ett kvartalsformat för ägarkommunikation som inte ändrats på fem år — för att det fungerar;#7A2020;#7A2020;C:\Users\niklas.sviden\OneDrive - Åke Sundvalls Byggnads AB\SPELET 2\Bilder\Skapade bilder\CFO Berättaren.png;#7A2020;#FCF6EF
M33;Londongatan Stadsbygg;CFO;Mercy Belay;Mercy;mercy.belay@akesundvall.se;C:\Users\niklas.sviden\OneDrive - Åke Sundvalls Byggnads AB\SPELET 2\Bilder\Skapade bilder\Dotterbolag Londongatan Stadsbygg.png;CFO-6;Skattmästaren;Klassisk ekonomi;2;-;-;2;-;-;Trettio år i samma stol och har bokfört allt själv minst en gång. Stenhård budgetdisciplin, järnkoll på balansräkningen, traditionellt och ologiskt enkelt. Modern teknik är något andra får leka med - skattmästaren räknar för hand och stämmer alltid.;Bokslut levererat senast tre veckor efter periodslut — 17 år i rad;Stängde två gamla balansposter ingen vågat röra sedan tidigt 2000-tal;Fick revisorerna att skriva under utan en enda anmärkning fem år i rad;Vägrar adoptera nya redovisningsstandarder förrän de är obligatoriska — och har aldrig haft fel;#7A2020;#7A2020;C:\Users\niklas.sviden\OneDrive - Åke Sundvalls Byggnads AB\SPELET 2\Bilder\Skapade bilder\CFO Skattmästaren.png;#7A2020;#FCF6EF
M45;Londongatan Stadsbygg;CEO;Stefan Martinsson;Stefan;stefan.martinsson@akesundvall.se;C:\Users\niklas.sviden\OneDrive - Åke Sundvalls Byggnads AB\SPELET 2\Bilder\Skapade bilder\Dotterbolag Londongatan Stadsbygg.png;CEO-1;Skepparen;Vision & strategi;2;1;-;-;1;-;Står på berget och pekar. När alla andra ser molnen ser Riktningsgivaren horisonten. Stark hand på rodret och en gnista nytänkande - men frågar du om kvartalsbokslutet kommer det vara någon annan som svarar.;"Lade fram femårsstrategin ""Vägen mot 5000 lägenheter"" — antagen av styrelsen efter en eftermiddag";Vände bolagets riktning mot mixed-use efter en kaffe med kommunalrådet;Övertygade ägarna att avveckla logistikportföljen två år innan marknaden vände;Etablerade samarbete med internationellt arkitektkontor som ingen i branschen kände till;#7A2020;#7A2020;C:\Users\niklas.sviden\OneDrive - Åke Sundvalls Byggnads AB\SPELET 2\Bilder\Skapade bilder\CEO Skepparen.png;#7A2020;#FCF6EF
M45;Londongatan Stadsbygg;CEO;Stefan Martinsson;Stefan;stefan.martinsson@akesundvall.se;C:\Users\niklas.sviden\OneDrive - Åke Sundvalls Byggnads AB\SPELET 2\Bilder\Skapade bilder\Dotterbolag Londongatan Stadsbygg.png;CEO-2;Förhandlaren;Affärer & relationer;1;2;1;-;-;-;Stänger affärer på bakplanet av en lunch och hinner samtidigt komma ihåg din frus namn. Skickligast i rummet på att få ett ja - men det betyder också att kalendern ofta gungar och detaljerna lämnas till någon annan.;Stängde markförvärvet i Norra Hamnen tre veckor före konkurrenten — handslag, papper sen;Förhandlade upp markpriset 9 % efter en gemensam middag;Räddade ett dröjande JV-avtal med ett samtal till ordförandens fru;Drev fyra parallella förhandlingar under en och samma kvartalspresentation;#7A2020;#7A2020;C:\Users\niklas.sviden\OneDrive - Åke Sundvalls Byggnads AB\SPELET 2\Bilder\Skapade bilder\CEO Förhandlaren.png;#7A2020;#FCF6EF
M45;Londongatan Stadsbygg;CEO;Stefan Martinsson;Stefan;stefan.martinsson@akesundvall.se;C:\Users\niklas.sviden\OneDrive - Åke Sundvalls Byggnads AB\SPELET 2\Bilder\Skapade bilder\Dotterbolag Londongatan Stadsbygg.png;CEO-3;Värden;Företagskultur;1;1;-;-;-;2;Tror på att kulturen är hela husgrunden. Bygger ett bolag där folk vill stanna kvar - hög lojalitet, låg sjukfrånvaro, stabilt fundament. Tempot är mjukare och de hårda affärsbesluten kan dröja, men ingen blir kvarglömd på vägen.;Sänkte sjukfrånvaron från 8 % till 3 % på två år;Byggde mentorprogram som nu har tre års kö;Stoppade en redan annonserad omorganisation efter att ha läst stämningen rätt;"Tog hem ""Årets arbetsgivare"" samma år som bolaget gjorde sin lägsta marginal någonsin";#7A2020;#7A2020;C:\Users\niklas.sviden\OneDrive - Åke Sundvalls Byggnads AB\SPELET 2\Bilder\Skapade bilder\CEO Värden.png;#7A2020;#FCF6EF
M45;Londongatan Stadsbygg;CEO;Stefan Martinsson;Stefan;stefan.martinsson@akesundvall.se;C:\Users\niklas.sviden\OneDrive - Åke Sundvalls Byggnads AB\SPELET 2\Bilder\Skapade bilder\Dotterbolag Londongatan Stadsbygg.png;CEO-4;Profilen;Profil & opinionsbildning;1;2;-;-;1;-;Talar i Almedalen, sitter i panel på Business Arena, citeras i DI varje torsdag. Sätter bolaget på kartan och drar nya kunder med ett tonfall - men huset hemma ska helst sköta sig självt under tiden.;Talade på tre rikstäckande paneler under samma vecka — tre olika budskap, alla väl mottagna;Citerades 47 gånger i Dagens Industri under ett år;Fick stadens kommunalråd att lyfta bolagets vision i nyårstalet;Lanserade en hashtag som tog över byggbranschen i sex månader;#7A2020;#7A2020;C:\Users\niklas.sviden\OneDrive - Åke Sundvalls Byggnads AB\SPELET 2\Bilder\Skapade bilder\CEO Profilen.png;#7A2020;#FCF6EF
M45;Londongatan Stadsbygg;CEO;Stefan Martinsson;Stefan;stefan.martinsson@akesundvall.se;C:\Users\niklas.sviden\OneDrive - Åke Sundvalls Byggnads AB\SPELET 2\Bilder\Skapade bilder\Dotterbolag Londongatan Stadsbygg.png;CEO-5;Klippan;Krisledarskap;2;-;-;1;-;1;När larmet går blir alla lugnare bara av att se Klippan sätta sig vid bordet. Trygghet på riktigt, ordning i kaos och blick för säkerhet - men tystlåten i medvind, sällan den som tänder festen.;Höll bolaget samlat under huvudentreprenörens konkurs — inga uppsägningar, inga försenade etapper;Ledde insatsen efter översvämningen — alla uthyrda lägenheter bebodda igen inom åtta veckor;Tog över ledningen under förra VD:ns sjukskrivning utan att någon utomstående märkte;Hanterade en arbetsplatsolycka på ett sätt facket sedan höll fram som modellexempel;#7A2020;#7A2020;C:\Users\niklas.sviden\OneDrive - Åke Sundvalls Byggnads AB\SPELET 2\Bilder\Skapade bilder\CEO Klippan.png;#7A2020;#FCF6EF
M45;Londongatan Stadsbygg;CEO;Stefan Martinsson;Stefan;stefan.martinsson@akesundvall.se;C:\Users\niklas.sviden\OneDrive - Åke Sundvalls Byggnads AB\SPELET 2\Bilder\Skapade bilder\Dotterbolag Londongatan Stadsbygg.png;CEO-6;Medlaren;Inkluderande ledarskap;1;1;2;-;-;-;Kallar in alla, lyssnar på alla, får alla med på båten. Beslut förankras stenhårt och ingen stångar emot på vägen ut ur rummet. Priset är att processen tar tid - och den första att bli otålig är konkurrenten.;Fick fyra disparata JV-partners att enas om gemensam utvecklingsplan på två workshops;Förenade två sammanslagna ledningsgrupper utan att en enda chef sa upp sig;Tog en kontroversiell omorganisation i mål efter ett halvårs förankring — inga interna utspel;Förhandlade fram en ny entreprenadmodell som både byggherre och entreprenör vill prata om publikt;#7A2020;#7A2020;C:\Users\niklas.sviden\OneDrive - Åke Sundvalls Byggnads AB\SPELET 2\Bilder\Skapade bilder\CEO Medlaren.png;#7A2020;#FCF6EF
M7;Marjorie Utveckling AB;CFO;Anton Reth;Anton;anton.reth@akesundvall.se;C:\Users\niklas.sviden\OneDrive - Åke Sundvalls Byggnads AB\SPELET 2\Bilder\Skapade bilder\Dotterbolag Marjorie Utveckling AB.png;CFO-1;Rödpennan;Detaljerad ekonomi;1;-;1;2;-;-;Hittar tolvkronan i en hundramiljonersbudget och ringer dig om den klockan halv åtta på en torsdag. Inget passerar oupptäckt. Mindre lustig att sitta bredvid på en projektgenomgång - men kostnadskontrollen är kompromisslös.;Hittade en felaktig periodisering som kostat bolaget 4,2 mkr om året i tio år;Granskade 17 leverantörsavtal in i minsta detalj och förhandlade ner snittpriset 6,3 %;Implementerade kostnadsuppföljning per arbetspaket på alla projekt — projektcheferna grät de första två månaderna;Avslöjade ett mönster i ÄTA-arbeten som ledde till en tvist bolaget sedan vann;#7A2020;#7A2020;C:\Users\niklas.sviden\OneDrive - Åke Sundvalls Byggnads AB\SPELET 2\Bilder\Skapade bilder\CFO Rödpennan.png;#7A2020;#FCF6EF
M7;Marjorie Utveckling AB;CFO;Anton Reth;Anton;anton.reth@akesundvall.se;C:\Users\niklas.sviden\OneDrive - Åke Sundvalls Byggnads AB\SPELET 2\Bilder\Skapade bilder\Dotterbolag Marjorie Utveckling AB.png;CFO-2;Strategen;Affärsstrategisk ekonomi;2;1;-;1;-;-;Räknar inte bara - bygger affärsmodellen från grunden. Ser portföljen som ett schackbräde och flyttar pjäserna med långsiktig blick. Om någon i ledningsgruppen ifrågasätter en investering har Strategen redan tre framtidsscenarier i bakfickan.;Modellerade tre finansieringsstrukturer för en stadsdelsutveckling — alla tre antogs av styrelsen, en valdes;Föreslog uppdelning av portföljen i två bolag tre år innan branschen följde efter;Konstruerade ett hybridlån som öppnade investeringsdörren på 1,4 mdr när banken hade stängt;Designade en avkastningsmodell som fortfarande används av bolagets investerargrupp;#7A2020;#7A2020;C:\Users\niklas.sviden\OneDrive - Åke Sundvalls Byggnads AB\SPELET 2\Bilder\Skapade bilder\CFO Strategen.png;#7A2020;#FCF6EF
M7;Marjorie Utveckling AB;CFO;Anton Reth;Anton;anton.reth@akesundvall.se;C:\Users\niklas.sviden\OneDrive - Åke Sundvalls Byggnads AB\SPELET 2\Bilder\Skapade bilder\Dotterbolag Marjorie Utveckling AB.png;CFO-3;Vakthunden;Riskhantering;1;-;-;2;-;1;Försiktigheten på två ben. Säger nej oftare än ja och har elva worst-case-scenarier i varje föredragning. Räddar bolaget från det som aldrig händer - vilket är problemet, för man får aldrig veta hur många kriser som faktiskt undveks.;Avrådde från ett markförvärv tre månader före räntechocken — sparade bolaget uppskattningsvis 110 mkr;Implementerade ett scenarioarbete styrelsen nu kräver för varje förvärv över 50 mkr;Fick valutakursförsäkring på plats två veckor före kronfallet — inte tur, det stod i excelmodellen;Identifierade en juridisk svaghet i ett markköpsavtal som hade kunnat kosta bolaget hela investeringen;#7A2020;#7A2020;C:\Users\niklas.sviden\OneDrive - Åke Sundvalls Byggnads AB\SPELET 2\Bilder\Skapade bilder\CFO Vakthunden.png;#7A2020;#FCF6EF
M7;Marjorie Utveckling AB;CFO;Anton Reth;Anton;anton.reth@akesundvall.se;C:\Users\niklas.sviden\OneDrive - Åke Sundvalls Byggnads AB\SPELET 2\Bilder\Skapade bilder\Dotterbolag Marjorie Utveckling AB.png;CFO-4;Statistikern;Modern controlling;-;1;-;1;2;-;Ekonomi i realtid på en dashboard som uppdateras varje natt klockan tre. Drar in BI-verktyg där andra fortfarande mejlar Excel-filer. Bygger framtidens controlling - så länge du står ut med entusiastiska föredragningar om datakvalitet.;Byggde en BI-plattform som gav projektmarginalsiffror i realtid — inte två månader senare;Implementerade rullande prognoser med scenarioanalys på fem variabler — styrelsen läser dem först av allt;Konsoliderade 12 olika excel-modeller till en enda Power BI-instans;Fick controllers från fyra dotterbolag att rapportera i samma datamodell — det tog ett år, men nu rullar det;#7A2020;#7A2020;C:\Users\niklas.sviden\OneDrive - Åke Sundvalls Byggnads AB\SPELET 2\Bilder\Skapade bilder\CFO Statistikern.png;#7A2020;#FCF6EF
M7;Marjorie Utveckling AB;CFO;Anton Reth;Anton;anton.reth@akesundvall.se;C:\Users\niklas.sviden\OneDrive - Åke Sundvalls Byggnads AB\SPELET 2\Bilder\Skapade bilder\Dotterbolag Marjorie Utveckling AB.png;CFO-5;Berättaren;Investerar- & styrelsekommunikation;1;2;-;1;-;-;Förvandlar delårsrapporten från siffersoppa till berättelse. Styrelsen lyssnar, banken nickar, ägarna sover gott. Tar tid från detaljarbetet - men en CFO som kan kommunicera är värd flera procentenheter i förtroendekapital.;Skrev om årsredovisningen så att bankens kreditkommitté hörde av sig och bad hen komma och föreläsa;Höll emissionen lugn medan två konkurrenter pausade sina — investerarberättelsen höll;Fick en ovillig styrelseledamot att rösta för en kontroversiell investering med en enda slidesammanställning;Etablerade ett kvartalsformat för ägarkommunikation som inte ändrats på fem år — för att det fungerar;#7A2020;#7A2020;C:\Users\niklas.sviden\OneDrive - Åke Sundvalls Byggnads AB\SPELET 2\Bilder\Skapade bilder\CFO Berättaren.png;#7A2020;#FCF6EF
M7;Marjorie Utveckling AB;CFO;Anton Reth;Anton;anton.reth@akesundvall.se;C:\Users\niklas.sviden\OneDrive - Åke Sundvalls Byggnads AB\SPELET 2\Bilder\Skapade bilder\Dotterbolag Marjorie Utveckling AB.png;CFO-6;Skattmästaren;Klassisk ekonomi;2;-;-;2;-;-;Trettio år i samma stol och har bokfört allt själv minst en gång. Stenhård budgetdisciplin, järnkoll på balansräkningen, traditionellt och ologiskt enkelt. Modern teknik är något andra får leka med - skattmästaren räknar för hand och stämmer alltid.;Bokslut levererat senast tre veckor efter periodslut — 17 år i rad;Stängde två gamla balansposter ingen vågat röra sedan tidigt 2000-tal;Fick revisorerna att skriva under utan en enda anmärkning fem år i rad;Vägrar adoptera nya redovisningsstandarder förrän de är obligatoriska — och har aldrig haft fel;#7A2020;#7A2020;C:\Users\niklas.sviden\OneDrive - Åke Sundvalls Byggnads AB\SPELET 2\Bilder\Skapade bilder\CFO Skattmästaren.png;#7A2020;#FCF6EF
M11;Marjorie Utveckling AB;COO;Christel Löfqvist;Christel;christel.lofqvist@akesundvall.se;C:\Users\niklas.sviden\OneDrive - Åke Sundvalls Byggnads AB\SPELET 2\Bilder\Skapade bilder\Dotterbolag Marjorie Utveckling AB.png;COO-1;Urmakaren;Drift & flöden;-;-;2;2;-;-;Får hjulen att snurra utan att någon märker hur. Allt flyter, alla deadlines hålls, leveransen kommer innan kunden ringt. Tar inte plats i rampljuset - men slutar Maskinrumsmästaren komma till jobbet stannar tåget på dag tre.;Optimerade leveransflödet på 14 byggprojekt — sänkte stilleståndstid med 22 %;Designade ett produktionsflöde där varje vecka börjar och slutar likadant;Halverade tiden från upphandling till spaden i jorden genom standardisering;Bytte till just-in-time-leverans på fönster och dörrar — ingen byggplats har klagat sedan;#7A2020;#7A2020;C:\Users\niklas.sviden\OneDrive - Åke Sundvalls Byggnads AB\SPELET 2\Bilder\Skapade bilder\COO Urmakaren.png;#7A2020;#FCF6EF
M11;Marjorie Utveckling AB;COO;Christel Löfqvist;Christel;christel.lofqvist@akesundvall.se;C:\Users\niklas.sviden\OneDrive - Åke Sundvalls Byggnads AB\SPELET 2\Bilder\Skapade bilder\Dotterbolag Marjorie Utveckling AB.png;COO-2;Förmannen;Människor & miljö;-;1;1;-;-;2;Pratar med snickaren först och vd:n sist. Kör runt med kaffe och fångar upp signaler innan de blir konflikter. Lojaliteten i organisationen är skyhög - men styrelsen efterlyser ibland mer hårda siffror i föredragningarna.;Höll personalomsättningen under 4 % i fem år;Stoppade en arbetsmiljöincident som var på väg att bli allvarlig — dagen före;Fick byggarbetsplatserna att rapportera fler tillbud än någonsin tidigare — utan att någon kände sig påhoppad;"Drev igenom heta arbetstillstånd även där ""alla redan visste""";#7A2020;#7A2020;C:\Users\niklas.sviden\OneDrive - Åke Sundvalls Byggnads AB\SPELET 2\Bilder\Skapade bilder\COO Förmannen.png;#7A2020;#FCF6EF
M11;Marjorie Utveckling AB;COO;Christel Löfqvist;Christel;christel.lofqvist@akesundvall.se;C:\Users\niklas.sviden\OneDrive - Åke Sundvalls Byggnads AB\SPELET 2\Bilder\Skapade bilder\Dotterbolag Marjorie Utveckling AB.png;COO-3;Generalen;Hård leverans;2;-;1;1;-;-;Säger nej oftare än ja och betyder det varje gång. Leveranserna kommer i tid, budgeten håller, ursäkterna saknas. Briljant i pressade lägen - men öppna hjärtan bygger inte Generalen, det är ABM-rapportens jobb.;Levererade Kvarteret Norra Stenen tre veckor före tidplan — och 9 % under budget;Bytte underentreprenör tre veckor in i ett projekt utan att tappa fart;Skickade tillbaka 23 ton armering med ord ingen i ledningen vill upprepa;Höll alla 11 milstolpar på sju parallella projekt under det år som mest gick fel i branschen;#7A2020;#7A2020;C:\Users\niklas.sviden\OneDrive - Åke Sundvalls Byggnads AB\SPELET 2\Bilder\Skapade bilder\COO Generalen.png;#7A2020;#FCF6EF
M11;Marjorie Utveckling AB;COO;Christel Löfqvist;Christel;christel.lofqvist@akesundvall.se;C:\Users\niklas.sviden\OneDrive - Åke Sundvalls Byggnads AB\SPELET 2\Bilder\Skapade bilder\Dotterbolag Marjorie Utveckling AB.png;COO-4;Pionjären;Digital drift;-;-;1;1;2;-;Pilotar drönare över bygget och bygger om Excel till Power BI på en eftermiddag. Plockar bort minuter ur varje delprocess. Risk är att förändringen blir snabbare än organisationens mage - men det är en lyxoro.;Implementerade BIM på samtliga projekt — sex månader före branschsnittet;Byggde dashboards som ersatte 14 manuella excel-rapporter;Pilotade drönarinventering på två projekt — sparade 600 mantimmar enbart på lägeskontroller;Fick byggarbetsplatserna att skanna leveranskvitton i mobilen — försvunna fakturor: noll på två år;#7A2020;#7A2020;C:\Users\niklas.sviden\OneDrive - Åke Sundvalls Byggnads AB\SPELET 2\Bilder\Skapade bilder\COO Pionjären.png;#7A2020;#FCF6EF
M11;Marjorie Utveckling AB;COO;Christel Löfqvist;Christel;christel.lofqvist@akesundvall.se;C:\Users\niklas.sviden\OneDrive - Åke Sundvalls Byggnads AB\SPELET 2\Bilder\Skapade bilder\Dotterbolag Marjorie Utveckling AB.png;COO-5;Bron;Tvärfunktionell samordning;-;1;2;-;-;1;Tolk mellan kontoret och fältet, mellan ekonomi och produktion, mellan styrelse och stomresare. Får människor som inte talar samma språk att förstå varandra ändå. Den dag Bron har semester ställs sex möten in.;Översatte mellan ekonomi och produktion under en tre månader lång konflikt — de pratar fortfarande;Designade ett samordningsmöte på 30 minuter som ersatte tre möten på sammanlagt fyra timmar;Fick styrelsen och stomresarna att förstå varandras kalendrar efter sju år av missförstånd;Etablerade ett gemensamt språk mellan inköp och projekt som överlevt två organisationsförändringar;#7A2020;#7A2020;C:\Users\niklas.sviden\OneDrive - Åke Sundvalls Byggnads AB\SPELET 2\Bilder\Skapade bilder\COO Bron.png;#7A2020;#FCF6EF
M11;Marjorie Utveckling AB;COO;Christel Löfqvist;Christel;christel.lofqvist@akesundvall.se;C:\Users\niklas.sviden\OneDrive - Åke Sundvalls Byggnads AB\SPELET 2\Bilder\Skapade bilder\Dotterbolag Marjorie Utveckling AB.png;COO-6;Brandsläckaren;Akutoperationer;1;-;-;2;-;1;Står där det brinner och rycker ut innan någon hunnit larma. Detaljkoll, snabb fot, iskall under press. Den långsiktiga planeringen blir ibland lidande - för det dyker alltid upp en ny brand som behöver släckas först.;Hanterade en grävmaskinincident inom 90 minuter — inga personskador, inga försäkringskrav;Ledde övergången efter huvudentreprenörens konkurs en fredag eftermiddag — produktionen rullade på måndagen;Tog över ett projekt två veckor före slutbesiktning som tappat sju nyckelroller;Räddade en kvalitetsavvikelse på 47 lägenheter med en lösning varken arkitekten eller byggherren trott var möjlig;#7A2020;#7A2020;C:\Users\niklas.sviden\OneDrive - Åke Sundvalls Byggnads AB\SPELET 2\Bilder\Skapade bilder\COO Brandsläckaren.png;#7A2020;#FCF6EF
M24;Marjorie Utveckling AB;CEO;Joakim Mellbin;Joakim;joakim.mellbin@akesundvall.se;C:\Users\niklas.sviden\OneDrive - Åke Sundvalls Byggnads AB\SPELET 2\Bilder\Skapade bilder\Dotterbolag Marjorie Utveckling AB.png;CEO-1;Skepparen;Vision & strategi;2;1;-;-;1;-;Står på berget och pekar. När alla andra ser molnen ser Riktningsgivaren horisonten. Stark hand på rodret och en gnista nytänkande - men frågar du om kvartalsbokslutet kommer det vara någon annan som svarar.;"Lade fram femårsstrategin ""Vägen mot 5000 lägenheter"" — antagen av styrelsen efter en eftermiddag";Vände bolagets riktning mot mixed-use efter en kaffe med kommunalrådet;Övertygade ägarna att avveckla logistikportföljen två år innan marknaden vände;Etablerade samarbete med internationellt arkitektkontor som ingen i branschen kände till;#7A2020;#7A2020;C:\Users\niklas.sviden\OneDrive - Åke Sundvalls Byggnads AB\SPELET 2\Bilder\Skapade bilder\CEO Skepparen.png;#7A2020;#FCF6EF
M24;Marjorie Utveckling AB;CEO;Joakim Mellbin;Joakim;joakim.mellbin@akesundvall.se;C:\Users\niklas.sviden\OneDrive - Åke Sundvalls Byggnads AB\SPELET 2\Bilder\Skapade bilder\Dotterbolag Marjorie Utveckling AB.png;CEO-2;Förhandlaren;Affärer & relationer;1;2;1;-;-;-;Stänger affärer på bakplanet av en lunch och hinner samtidigt komma ihåg din frus namn. Skickligast i rummet på att få ett ja - men det betyder också att kalendern ofta gungar och detaljerna lämnas till någon annan.;Stängde markförvärvet i Norra Hamnen tre veckor före konkurrenten — handslag, papper sen;Förhandlade upp markpriset 9 % efter en gemensam middag;Räddade ett dröjande JV-avtal med ett samtal till ordförandens fru;Drev fyra parallella förhandlingar under en och samma kvartalspresentation;#7A2020;#7A2020;C:\Users\niklas.sviden\OneDrive - Åke Sundvalls Byggnads AB\SPELET 2\Bilder\Skapade bilder\CEO Förhandlaren.png;#7A2020;#FCF6EF
M24;Marjorie Utveckling AB;CEO;Joakim Mellbin;Joakim;joakim.mellbin@akesundvall.se;C:\Users\niklas.sviden\OneDrive - Åke Sundvalls Byggnads AB\SPELET 2\Bilder\Skapade bilder\Dotterbolag Marjorie Utveckling AB.png;CEO-3;Värden;Företagskultur;1;1;-;-;-;2;Tror på att kulturen är hela husgrunden. Bygger ett bolag där folk vill stanna kvar - hög lojalitet, låg sjukfrånvaro, stabilt fundament. Tempot är mjukare och de hårda affärsbesluten kan dröja, men ingen blir kvarglömd på vägen.;Sänkte sjukfrånvaron från 8 % till 3 % på två år;Byggde mentorprogram som nu har tre års kö;Stoppade en redan annonserad omorganisation efter att ha läst stämningen rätt;"Tog hem ""Årets arbetsgivare"" samma år som bolaget gjorde sin lägsta marginal någonsin";#7A2020;#7A2020;C:\Users\niklas.sviden\OneDrive - Åke Sundvalls Byggnads AB\SPELET 2\Bilder\Skapade bilder\CEO Värden.png;#7A2020;#FCF6EF
M24;Marjorie Utveckling AB;CEO;Joakim Mellbin;Joakim;joakim.mellbin@akesundvall.se;C:\Users\niklas.sviden\OneDrive - Åke Sundvalls Byggnads AB\SPELET 2\Bilder\Skapade bilder\Dotterbolag Marjorie Utveckling AB.png;CEO-4;Profilen;Profil & opinionsbildning;1;2;-;-;1;-;Talar i Almedalen, sitter i panel på Business Arena, citeras i DI varje torsdag. Sätter bolaget på kartan och drar nya kunder med ett tonfall - men huset hemma ska helst sköta sig självt under tiden.;Talade på tre rikstäckande paneler under samma vecka — tre olika budskap, alla väl mottagna;Citerades 47 gånger i Dagens Industri under ett år;Fick stadens kommunalråd att lyfta bolagets vision i nyårstalet;Lanserade en hashtag som tog över byggbranschen i sex månader;#7A2020;#7A2020;C:\Users\niklas.sviden\OneDrive - Åke Sundvalls Byggnads AB\SPELET 2\Bilder\Skapade bilder\CEO Profilen.png;#7A2020;#FCF6EF
M24;Marjorie Utveckling AB;CEO;Joakim Mellbin;Joakim;joakim.mellbin@akesundvall.se;C:\Users\niklas.sviden\OneDrive - Åke Sundvalls Byggnads AB\SPELET 2\Bilder\Skapade bilder\Dotterbolag Marjorie Utveckling AB.png;CEO-5;Klippan;Krisledarskap;2;-;-;1;-;1;När larmet går blir alla lugnare bara av att se Klippan sätta sig vid bordet. Trygghet på riktigt, ordning i kaos och blick för säkerhet - men tystlåten i medvind, sällan den som tänder festen.;Höll bolaget samlat under huvudentreprenörens konkurs — inga uppsägningar, inga försenade etapper;Ledde insatsen efter översvämningen — alla uthyrda lägenheter bebodda igen inom åtta veckor;Tog över ledningen under förra VD:ns sjukskrivning utan att någon utomstående märkte;Hanterade en arbetsplatsolycka på ett sätt facket sedan höll fram som modellexempel;#7A2020;#7A2020;C:\Users\niklas.sviden\OneDrive - Åke Sundvalls Byggnads AB\SPELET 2\Bilder\Skapade bilder\CEO Klippan.png;#7A2020;#FCF6EF
M24;Marjorie Utveckling AB;CEO;Joakim Mellbin;Joakim;joakim.mellbin@akesundvall.se;C:\Users\niklas.sviden\OneDrive - Åke Sundvalls Byggnads AB\SPELET 2\Bilder\Skapade bilder\Dotterbolag Marjorie Utveckling AB.png;CEO-6;Medlaren;Inkluderande ledarskap;1;1;2;-;-;-;Kallar in alla, lyssnar på alla, får alla med på båten. Beslut förankras stenhårt och ingen stångar emot på vägen ut ur rummet. Priset är att processen tar tid - och den första att bli otålig är konkurrenten.;Fick fyra disparata JV-partners att enas om gemensam utvecklingsplan på två workshops;Förenade två sammanslagna ledningsgrupper utan att en enda chef sa upp sig;Tog en kontroversiell omorganisation i mål efter ett halvårs förankring — inga interna utspel;Förhandlade fram en ny entreprenadmodell som både byggherre och entreprenör vill prata om publikt;#7A2020;#7A2020;C:\Users\niklas.sviden\OneDrive - Åke Sundvalls Byggnads AB\SPELET 2\Bilder\Skapade bilder\CEO Medlaren.png;#7A2020;#FCF6EF
M12;Maroon Kvartersbolag AB;CEO;Conny Mård;Conny;conny.mard@akesundvall.se;C:\Users\niklas.sviden\OneDrive - Åke Sundvalls Byggnads AB\SPELET 2\Bilder\Skapade bilder\Dotterbolag Maroon Kvartersbolag AB.png;CEO-1;Skepparen;Vision & strategi;2;1;-;-;1;-;Står på berget och pekar. När alla andra ser molnen ser Riktningsgivaren horisonten. Stark hand på rodret och en gnista nytänkande - men frågar du om kvartalsbokslutet kommer det vara någon annan som svarar.;"Lade fram femårsstrategin ""Vägen mot 5000 lägenheter"" — antagen av styrelsen efter en eftermiddag";Vände bolagets riktning mot mixed-use efter en kaffe med kommunalrådet;Övertygade ägarna att avveckla logistikportföljen två år innan marknaden vände;Etablerade samarbete med internationellt arkitektkontor som ingen i branschen kände till;#7A2020;#7A2020;C:\Users\niklas.sviden\OneDrive - Åke Sundvalls Byggnads AB\SPELET 2\Bilder\Skapade bilder\CEO Skepparen.png;#7A2020;#FCF6EF
M12;Maroon Kvartersbolag AB;CEO;Conny Mård;Conny;conny.mard@akesundvall.se;C:\Users\niklas.sviden\OneDrive - Åke Sundvalls Byggnads AB\SPELET 2\Bilder\Skapade bilder\Dotterbolag Maroon Kvartersbolag AB.png;CEO-2;Förhandlaren;Affärer & relationer;1;2;1;-;-;-;Stänger affärer på bakplanet av en lunch och hinner samtidigt komma ihåg din frus namn. Skickligast i rummet på att få ett ja - men det betyder också att kalendern ofta gungar och detaljerna lämnas till någon annan.;Stängde markförvärvet i Norra Hamnen tre veckor före konkurrenten — handslag, papper sen;Förhandlade upp markpriset 9 % efter en gemensam middag;Räddade ett dröjande JV-avtal med ett samtal till ordförandens fru;Drev fyra parallella förhandlingar under en och samma kvartalspresentation;#7A2020;#7A2020;C:\Users\niklas.sviden\OneDrive - Åke Sundvalls Byggnads AB\SPELET 2\Bilder\Skapade bilder\CEO Förhandlaren.png;#7A2020;#FCF6EF
M12;Maroon Kvartersbolag AB;CEO;Conny Mård;Conny;conny.mard@akesundvall.se;C:\Users\niklas.sviden\OneDrive - Åke Sundvalls Byggnads AB\SPELET 2\Bilder\Skapade bilder\Dotterbolag Maroon Kvartersbolag AB.png;CEO-3;Värden;Företagskultur;1;1;-;-;-;2;Tror på att kulturen är hela husgrunden. Bygger ett bolag där folk vill stanna kvar - hög lojalitet, låg sjukfrånvaro, stabilt fundament. Tempot är mjukare och de hårda affärsbesluten kan dröja, men ingen blir kvarglömd på vägen.;Sänkte sjukfrånvaron från 8 % till 3 % på två år;Byggde mentorprogram som nu har tre års kö;Stoppade en redan annonserad omorganisation efter att ha läst stämningen rätt;"Tog hem ""Årets arbetsgivare"" samma år som bolaget gjorde sin lägsta marginal någonsin";#7A2020;#7A2020;C:\Users\niklas.sviden\OneDrive - Åke Sundvalls Byggnads AB\SPELET 2\Bilder\Skapade bilder\CEO Värden.png;#7A2020;#FCF6EF
M12;Maroon Kvartersbolag AB;CEO;Conny Mård;Conny;conny.mard@akesundvall.se;C:\Users\niklas.sviden\OneDrive - Åke Sundvalls Byggnads AB\SPELET 2\Bilder\Skapade bilder\Dotterbolag Maroon Kvartersbolag AB.png;CEO-4;Profilen;Profil & opinionsbildning;1;2;-;-;1;-;Talar i Almedalen, sitter i panel på Business Arena, citeras i DI varje torsdag. Sätter bolaget på kartan och drar nya kunder med ett tonfall - men huset hemma ska helst sköta sig självt under tiden.;Talade på tre rikstäckande paneler under samma vecka — tre olika budskap, alla väl mottagna;Citerades 47 gånger i Dagens Industri under ett år;Fick stadens kommunalråd att lyfta bolagets vision i nyårstalet;Lanserade en hashtag som tog över byggbranschen i sex månader;#7A2020;#7A2020;C:\Users\niklas.sviden\OneDrive - Åke Sundvalls Byggnads AB\SPELET 2\Bilder\Skapade bilder\CEO Profilen.png;#7A2020;#FCF6EF
M12;Maroon Kvartersbolag AB;CEO;Conny Mård;Conny;conny.mard@akesundvall.se;C:\Users\niklas.sviden\OneDrive - Åke Sundvalls Byggnads AB\SPELET 2\Bilder\Skapade bilder\Dotterbolag Maroon Kvartersbolag AB.png;CEO-5;Klippan;Krisledarskap;2;-;-;1;-;1;När larmet går blir alla lugnare bara av att se Klippan sätta sig vid bordet. Trygghet på riktigt, ordning i kaos och blick för säkerhet - men tystlåten i medvind, sällan den som tänder festen.;Höll bolaget samlat under huvudentreprenörens konkurs — inga uppsägningar, inga försenade etapper;Ledde insatsen efter översvämningen — alla uthyrda lägenheter bebodda igen inom åtta veckor;Tog över ledningen under förra VD:ns sjukskrivning utan att någon utomstående märkte;Hanterade en arbetsplatsolycka på ett sätt facket sedan höll fram som modellexempel;#7A2020;#7A2020;C:\Users\niklas.sviden\OneDrive - Åke Sundvalls Byggnads AB\SPELET 2\Bilder\Skapade bilder\CEO Klippan.png;#7A2020;#FCF6EF
M12;Maroon Kvartersbolag AB;CEO;Conny Mård;Conny;conny.mard@akesundvall.se;C:\Users\niklas.sviden\OneDrive - Åke Sundvalls Byggnads AB\SPELET 2\Bilder\Skapade bilder\Dotterbolag Maroon Kvartersbolag AB.png;CEO-6;Medlaren;Inkluderande ledarskap;1;1;2;-;-;-;Kallar in alla, lyssnar på alla, får alla med på båten. Beslut förankras stenhårt och ingen stångar emot på vägen ut ur rummet. Priset är att processen tar tid - och den första att bli otålig är konkurrenten.;Fick fyra disparata JV-partners att enas om gemensam utvecklingsplan på två workshops;Förenade två sammanslagna ledningsgrupper utan att en enda chef sa upp sig;Tog en kontroversiell omorganisation i mål efter ett halvårs förankring — inga interna utspel;Förhandlade fram en ny entreprenadmodell som både byggherre och entreprenör vill prata om publikt;#7A2020;#7A2020;C:\Users\niklas.sviden\OneDrive - Åke Sundvalls Byggnads AB\SPELET 2\Bilder\Skapade bilder\CEO Medlaren.png;#7A2020;#FCF6EF
M13;Maroon Kvartersbolag AB;COO;Daniel Grevin;Daniel;daniel.grevin@akesundvall.se;C:\Users\niklas.sviden\OneDrive - Åke Sundvalls Byggnads AB\SPELET 2\Bilder\Skapade bilder\Dotterbolag Maroon Kvartersbolag AB.png;COO-1;Urmakaren;Drift & flöden;-;-;2;2;-;-;Får hjulen att snurra utan att någon märker hur. Allt flyter, alla deadlines hålls, leveransen kommer innan kunden ringt. Tar inte plats i rampljuset - men slutar Maskinrumsmästaren komma till jobbet stannar tåget på dag tre.;Optimerade leveransflödet på 14 byggprojekt — sänkte stilleståndstid med 22 %;Designade ett produktionsflöde där varje vecka börjar och slutar likadant;Halverade tiden från upphandling till spaden i jorden genom standardisering;Bytte till just-in-time-leverans på fönster och dörrar — ingen byggplats har klagat sedan;#7A2020;#7A2020;C:\Users\niklas.sviden\OneDrive - Åke Sundvalls Byggnads AB\SPELET 2\Bilder\Skapade bilder\COO Urmakaren.png;#7A2020;#FCF6EF
M13;Maroon Kvartersbolag AB;COO;Daniel Grevin;Daniel;daniel.grevin@akesundvall.se;C:\Users\niklas.sviden\OneDrive - Åke Sundvalls Byggnads AB\SPELET 2\Bilder\Skapade bilder\Dotterbolag Maroon Kvartersbolag AB.png;COO-2;Förmannen;Människor & miljö;-;1;1;-;-;2;Pratar med snickaren först och vd:n sist. Kör runt med kaffe och fångar upp signaler innan de blir konflikter. Lojaliteten i organisationen är skyhög - men styrelsen efterlyser ibland mer hårda siffror i föredragningarna.;Höll personalomsättningen under 4 % i fem år;Stoppade en arbetsmiljöincident som var på väg att bli allvarlig — dagen före;Fick byggarbetsplatserna att rapportera fler tillbud än någonsin tidigare — utan att någon kände sig påhoppad;"Drev igenom heta arbetstillstånd även där ""alla redan visste""";#7A2020;#7A2020;C:\Users\niklas.sviden\OneDrive - Åke Sundvalls Byggnads AB\SPELET 2\Bilder\Skapade bilder\COO Förmannen.png;#7A2020;#FCF6EF
M13;Maroon Kvartersbolag AB;COO;Daniel Grevin;Daniel;daniel.grevin@akesundvall.se;C:\Users\niklas.sviden\OneDrive - Åke Sundvalls Byggnads AB\SPELET 2\Bilder\Skapade bilder\Dotterbolag Maroon Kvartersbolag AB.png;COO-3;Generalen;Hård leverans;2;-;1;1;-;-;Säger nej oftare än ja och betyder det varje gång. Leveranserna kommer i tid, budgeten håller, ursäkterna saknas. Briljant i pressade lägen - men öppna hjärtan bygger inte Generalen, det är ABM-rapportens jobb.;Levererade Kvarteret Norra Stenen tre veckor före tidplan — och 9 % under budget;Bytte underentreprenör tre veckor in i ett projekt utan att tappa fart;Skickade tillbaka 23 ton armering med ord ingen i ledningen vill upprepa;Höll alla 11 milstolpar på sju parallella projekt under det år som mest gick fel i branschen;#7A2020;#7A2020;C:\Users\niklas.sviden\OneDrive - Åke Sundvalls Byggnads AB\SPELET 2\Bilder\Skapade bilder\COO Generalen.png;#7A2020;#FCF6EF
M13;Maroon Kvartersbolag AB;COO;Daniel Grevin;Daniel;daniel.grevin@akesundvall.se;C:\Users\niklas.sviden\OneDrive - Åke Sundvalls Byggnads AB\SPELET 2\Bilder\Skapade bilder\Dotterbolag Maroon Kvartersbolag AB.png;COO-4;Pionjären;Digital drift;-;-;1;1;2;-;Pilotar drönare över bygget och bygger om Excel till Power BI på en eftermiddag. Plockar bort minuter ur varje delprocess. Risk är att förändringen blir snabbare än organisationens mage - men det är en lyxoro.;Implementerade BIM på samtliga projekt — sex månader före branschsnittet;Byggde dashboards som ersatte 14 manuella excel-rapporter;Pilotade drönarinventering på två projekt — sparade 600 mantimmar enbart på lägeskontroller;Fick byggarbetsplatserna att skanna leveranskvitton i mobilen — försvunna fakturor: noll på två år;#7A2020;#7A2020;C:\Users\niklas.sviden\OneDrive - Åke Sundvalls Byggnads AB\SPELET 2\Bilder\Skapade bilder\COO Pionjären.png;#7A2020;#FCF6EF
M13;Maroon Kvartersbolag AB;COO;Daniel Grevin;Daniel;daniel.grevin@akesundvall.se;C:\Users\niklas.sviden\OneDrive - Åke Sundvalls Byggnads AB\SPELET 2\Bilder\Skapade bilder\Dotterbolag Maroon Kvartersbolag AB.png;COO-5;Bron;Tvärfunktionell samordning;-;1;2;-;-;1;Tolk mellan kontoret och fältet, mellan ekonomi och produktion, mellan styrelse och stomresare. Får människor som inte talar samma språk att förstå varandra ändå. Den dag Bron har semester ställs sex möten in.;Översatte mellan ekonomi och produktion under en tre månader lång konflikt — de pratar fortfarande;Designade ett samordningsmöte på 30 minuter som ersatte tre möten på sammanlagt fyra timmar;Fick styrelsen och stomresarna att förstå varandras kalendrar efter sju år av missförstånd;Etablerade ett gemensamt språk mellan inköp och projekt som överlevt två organisationsförändringar;#7A2020;#7A2020;C:\Users\niklas.sviden\OneDrive - Åke Sundvalls Byggnads AB\SPELET 2\Bilder\Skapade bilder\COO Bron.png;#7A2020;#FCF6EF
M13;Maroon Kvartersbolag AB;COO;Daniel Grevin;Daniel;daniel.grevin@akesundvall.se;C:\Users\niklas.sviden\OneDrive - Åke Sundvalls Byggnads AB\SPELET 2\Bilder\Skapade bilder\Dotterbolag Maroon Kvartersbolag AB.png;COO-6;Brandsläckaren;Akutoperationer;1;-;-;2;-;1;Står där det brinner och rycker ut innan någon hunnit larma. Detaljkoll, snabb fot, iskall under press. Den långsiktiga planeringen blir ibland lidande - för det dyker alltid upp en ny brand som behöver släckas först.;Hanterade en grävmaskinincident inom 90 minuter — inga personskador, inga försäkringskrav;Ledde övergången efter huvudentreprenörens konkurs en fredag eftermiddag — produktionen rullade på måndagen;Tog över ett projekt två veckor före slutbesiktning som tappat sju nyckelroller;Räddade en kvalitetsavvikelse på 47 lägenheter med en lösning varken arkitekten eller byggherren trott var möjlig;#7A2020;#7A2020;C:\Users\niklas.sviden\OneDrive - Åke Sundvalls Byggnads AB\SPELET 2\Bilder\Skapade bilder\COO Brandsläckaren.png;#7A2020;#FCF6EF
M50;Maroon Kvartersbolag AB;CFO;Victoria Agirman Canas;Victoria;victoria.agirman@akesundvall.se;C:\Users\niklas.sviden\OneDrive - Åke Sundvalls Byggnads AB\SPELET 2\Bilder\Skapade bilder\Dotterbolag Maroon Kvartersbolag AB.png;CFO-1;Rödpennan;Detaljerad ekonomi;1;-;1;2;-;-;Hittar tolvkronan i en hundramiljonersbudget och ringer dig om den klockan halv åtta på en torsdag. Inget passerar oupptäckt. Mindre lustig att sitta bredvid på en projektgenomgång - men kostnadskontrollen är kompromisslös.;Hittade en felaktig periodisering som kostat bolaget 4,2 mkr om året i tio år;Granskade 17 leverantörsavtal in i minsta detalj och förhandlade ner snittpriset 6,3 %;Implementerade kostnadsuppföljning per arbetspaket på alla projekt — projektcheferna grät de första två månaderna;Avslöjade ett mönster i ÄTA-arbeten som ledde till en tvist bolaget sedan vann;#7A2020;#7A2020;C:\Users\niklas.sviden\OneDrive - Åke Sundvalls Byggnads AB\SPELET 2\Bilder\Skapade bilder\CFO Rödpennan.png;#7A2020;#FCF6EF
M50;Maroon Kvartersbolag AB;CFO;Victoria Agirman Canas;Victoria;victoria.agirman@akesundvall.se;C:\Users\niklas.sviden\OneDrive - Åke Sundvalls Byggnads AB\SPELET 2\Bilder\Skapade bilder\Dotterbolag Maroon Kvartersbolag AB.png;CFO-2;Strategen;Affärsstrategisk ekonomi;2;1;-;1;-;-;Räknar inte bara - bygger affärsmodellen från grunden. Ser portföljen som ett schackbräde och flyttar pjäserna med långsiktig blick. Om någon i ledningsgruppen ifrågasätter en investering har Strategen redan tre framtidsscenarier i bakfickan.;Modellerade tre finansieringsstrukturer för en stadsdelsutveckling — alla tre antogs av styrelsen, en valdes;Föreslog uppdelning av portföljen i två bolag tre år innan branschen följde efter;Konstruerade ett hybridlån som öppnade investeringsdörren på 1,4 mdr när banken hade stängt;Designade en avkastningsmodell som fortfarande används av bolagets investerargrupp;#7A2020;#7A2020;C:\Users\niklas.sviden\OneDrive - Åke Sundvalls Byggnads AB\SPELET 2\Bilder\Skapade bilder\CFO Strategen.png;#7A2020;#FCF6EF
M50;Maroon Kvartersbolag AB;CFO;Victoria Agirman Canas;Victoria;victoria.agirman@akesundvall.se;C:\Users\niklas.sviden\OneDrive - Åke Sundvalls Byggnads AB\SPELET 2\Bilder\Skapade bilder\Dotterbolag Maroon Kvartersbolag AB.png;CFO-3;Vakthunden;Riskhantering;1;-;-;2;-;1;Försiktigheten på två ben. Säger nej oftare än ja och har elva worst-case-scenarier i varje föredragning. Räddar bolaget från det som aldrig händer - vilket är problemet, för man får aldrig veta hur många kriser som faktiskt undveks.;Avrådde från ett markförvärv tre månader före räntechocken — sparade bolaget uppskattningsvis 110 mkr;Implementerade ett scenarioarbete styrelsen nu kräver för varje förvärv över 50 mkr;Fick valutakursförsäkring på plats två veckor före kronfallet — inte tur, det stod i excelmodellen;Identifierade en juridisk svaghet i ett markköpsavtal som hade kunnat kosta bolaget hela investeringen;#7A2020;#7A2020;C:\Users\niklas.sviden\OneDrive - Åke Sundvalls Byggnads AB\SPELET 2\Bilder\Skapade bilder\CFO Vakthunden.png;#7A2020;#FCF6EF
M50;Maroon Kvartersbolag AB;CFO;Victoria Agirman Canas;Victoria;victoria.agirman@akesundvall.se;C:\Users\niklas.sviden\OneDrive - Åke Sundvalls Byggnads AB\SPELET 2\Bilder\Skapade bilder\Dotterbolag Maroon Kvartersbolag AB.png;CFO-4;Statistikern;Modern controlling;-;1;-;1;2;-;Ekonomi i realtid på en dashboard som uppdateras varje natt klockan tre. Drar in BI-verktyg där andra fortfarande mejlar Excel-filer. Bygger framtidens controlling - så länge du står ut med entusiastiska föredragningar om datakvalitet.;Byggde en BI-plattform som gav projektmarginalsiffror i realtid — inte två månader senare;Implementerade rullande prognoser med scenarioanalys på fem variabler — styrelsen läser dem först av allt;Konsoliderade 12 olika excel-modeller till en enda Power BI-instans;Fick controllers från fyra dotterbolag att rapportera i samma datamodell — det tog ett år, men nu rullar det;#7A2020;#7A2020;C:\Users\niklas.sviden\OneDrive - Åke Sundvalls Byggnads AB\SPELET 2\Bilder\Skapade bilder\CFO Statistikern.png;#7A2020;#FCF6EF
M50;Maroon Kvartersbolag AB;CFO;Victoria Agirman Canas;Victoria;victoria.agirman@akesundvall.se;C:\Users\niklas.sviden\OneDrive - Åke Sundvalls Byggnads AB\SPELET 2\Bilder\Skapade bilder\Dotterbolag Maroon Kvartersbolag AB.png;CFO-5;Berättaren;Investerar- & styrelsekommunikation;1;2;-;1;-;-;Förvandlar delårsrapporten från siffersoppa till berättelse. Styrelsen lyssnar, banken nickar, ägarna sover gott. Tar tid från detaljarbetet - men en CFO som kan kommunicera är värd flera procentenheter i förtroendekapital.;Skrev om årsredovisningen så att bankens kreditkommitté hörde av sig och bad hen komma och föreläsa;Höll emissionen lugn medan två konkurrenter pausade sina — investerarberättelsen höll;Fick en ovillig styrelseledamot att rösta för en kontroversiell investering med en enda slidesammanställning;Etablerade ett kvartalsformat för ägarkommunikation som inte ändrats på fem år — för att det fungerar;#7A2020;#7A2020;C:\Users\niklas.sviden\OneDrive - Åke Sundvalls Byggnads AB\SPELET 2\Bilder\Skapade bilder\CFO Berättaren.png;#7A2020;#FCF6EF
M50;Maroon Kvartersbolag AB;CFO;Victoria Agirman Canas;Victoria;victoria.agirman@akesundvall.se;C:\Users\niklas.sviden\OneDrive - Åke Sundvalls Byggnads AB\SPELET 2\Bilder\Skapade bilder\Dotterbolag Maroon Kvartersbolag AB.png;CFO-6;Skattmästaren;Klassisk ekonomi;2;-;-;2;-;-;Trettio år i samma stol och har bokfört allt själv minst en gång. Stenhård budgetdisciplin, järnkoll på balansräkningen, traditionellt och ologiskt enkelt. Modern teknik är något andra får leka med - skattmästaren räknar för hand och stämmer alltid.;Bokslut levererat senast tre veckor efter periodslut — 17 år i rad;Stängde två gamla balansposter ingen vågat röra sedan tidigt 2000-tal;Fick revisorerna att skriva under utan en enda anmärkning fem år i rad;Vägrar adoptera nya redovisningsstandarder förrän de är obligatoriska — och har aldrig haft fel;#7A2020;#7A2020;C:\Users\niklas.sviden\OneDrive - Åke Sundvalls Byggnads AB\SPELET 2\Bilder\Skapade bilder\CFO Skattmästaren.png;#7A2020;#FCF6EF
M32;Mastermind Stadsbygg AB;CEO;Mathilda Chrisdotter;Mathilda;mathilda.chrisdotter@akesundvall.se;C:\Users\niklas.sviden\OneDrive - Åke Sundvalls Byggnads AB\SPELET 2\Bilder\Skapade bilder\Dotterbolag Mastermind Stadsbygg AB.png;CEO-1;Skepparen;Vision & strategi;2;1;-;-;1;-;Står på berget och pekar. När alla andra ser molnen ser Riktningsgivaren horisonten. Stark hand på rodret och en gnista nytänkande - men frågar du om kvartalsbokslutet kommer det vara någon annan som svarar.;"Lade fram femårsstrategin ""Vägen mot 5000 lägenheter"" — antagen av styrelsen efter en eftermiddag";Vände bolagets riktning mot mixed-use efter en kaffe med kommunalrådet;Övertygade ägarna att avveckla logistikportföljen två år innan marknaden vände;Etablerade samarbete med internationellt arkitektkontor som ingen i branschen kände till;#7A2020;#7A2020;C:\Users\niklas.sviden\OneDrive - Åke Sundvalls Byggnads AB\SPELET 2\Bilder\Skapade bilder\CEO Skepparen.png;#7A2020;#FCF6EF
M32;Mastermind Stadsbygg AB;CEO;Mathilda Chrisdotter;Mathilda;mathilda.chrisdotter@akesundvall.se;C:\Users\niklas.sviden\OneDrive - Åke Sundvalls Byggnads AB\SPELET 2\Bilder\Skapade bilder\Dotterbolag Mastermind Stadsbygg AB.png;CEO-2;Förhandlaren;Affärer & relationer;1;2;1;-;-;-;Stänger affärer på bakplanet av en lunch och hinner samtidigt komma ihåg din frus namn. Skickligast i rummet på att få ett ja - men det betyder också att kalendern ofta gungar och detaljerna lämnas till någon annan.;Stängde markförvärvet i Norra Hamnen tre veckor före konkurrenten — handslag, papper sen;Förhandlade upp markpriset 9 % efter en gemensam middag;Räddade ett dröjande JV-avtal med ett samtal till ordförandens fru;Drev fyra parallella förhandlingar under en och samma kvartalspresentation;#7A2020;#7A2020;C:\Users\niklas.sviden\OneDrive - Åke Sundvalls Byggnads AB\SPELET 2\Bilder\Skapade bilder\CEO Förhandlaren.png;#7A2020;#FCF6EF
M32;Mastermind Stadsbygg AB;CEO;Mathilda Chrisdotter;Mathilda;mathilda.chrisdotter@akesundvall.se;C:\Users\niklas.sviden\OneDrive - Åke Sundvalls Byggnads AB\SPELET 2\Bilder\Skapade bilder\Dotterbolag Mastermind Stadsbygg AB.png;CEO-3;Värden;Företagskultur;1;1;-;-;-;2;Tror på att kulturen är hela husgrunden. Bygger ett bolag där folk vill stanna kvar - hög lojalitet, låg sjukfrånvaro, stabilt fundament. Tempot är mjukare och de hårda affärsbesluten kan dröja, men ingen blir kvarglömd på vägen.;Sänkte sjukfrånvaron från 8 % till 3 % på två år;Byggde mentorprogram som nu har tre års kö;Stoppade en redan annonserad omorganisation efter att ha läst stämningen rätt;"Tog hem ""Årets arbetsgivare"" samma år som bolaget gjorde sin lägsta marginal någonsin";#7A2020;#7A2020;C:\Users\niklas.sviden\OneDrive - Åke Sundvalls Byggnads AB\SPELET 2\Bilder\Skapade bilder\CEO Värden.png;#7A2020;#FCF6EF
M32;Mastermind Stadsbygg AB;CEO;Mathilda Chrisdotter;Mathilda;mathilda.chrisdotter@akesundvall.se;C:\Users\niklas.sviden\OneDrive - Åke Sundvalls Byggnads AB\SPELET 2\Bilder\Skapade bilder\Dotterbolag Mastermind Stadsbygg AB.png;CEO-4;Profilen;Profil & opinionsbildning;1;2;-;-;1;-;Talar i Almedalen, sitter i panel på Business Arena, citeras i DI varje torsdag. Sätter bolaget på kartan och drar nya kunder med ett tonfall - men huset hemma ska helst sköta sig självt under tiden.;Talade på tre rikstäckande paneler under samma vecka — tre olika budskap, alla väl mottagna;Citerades 47 gånger i Dagens Industri under ett år;Fick stadens kommunalråd att lyfta bolagets vision i nyårstalet;Lanserade en hashtag som tog över byggbranschen i sex månader;#7A2020;#7A2020;C:\Users\niklas.sviden\OneDrive - Åke Sundvalls Byggnads AB\SPELET 2\Bilder\Skapade bilder\CEO Profilen.png;#7A2020;#FCF6EF
M32;Mastermind Stadsbygg AB;CEO;Mathilda Chrisdotter;Mathilda;mathilda.chrisdotter@akesundvall.se;C:\Users\niklas.sviden\OneDrive - Åke Sundvalls Byggnads AB\SPELET 2\Bilder\Skapade bilder\Dotterbolag Mastermind Stadsbygg AB.png;CEO-5;Klippan;Krisledarskap;2;-;-;1;-;1;När larmet går blir alla lugnare bara av att se Klippan sätta sig vid bordet. Trygghet på riktigt, ordning i kaos och blick för säkerhet - men tystlåten i medvind, sällan den som tänder festen.;Höll bolaget samlat under huvudentreprenörens konkurs — inga uppsägningar, inga försenade etapper;Ledde insatsen efter översvämningen — alla uthyrda lägenheter bebodda igen inom åtta veckor;Tog över ledningen under förra VD:ns sjukskrivning utan att någon utomstående märkte;Hanterade en arbetsplatsolycka på ett sätt facket sedan höll fram som modellexempel;#7A2020;#7A2020;C:\Users\niklas.sviden\OneDrive - Åke Sundvalls Byggnads AB\SPELET 2\Bilder\Skapade bilder\CEO Klippan.png;#7A2020;#FCF6EF
M32;Mastermind Stadsbygg AB;CEO;Mathilda Chrisdotter;Mathilda;mathilda.chrisdotter@akesundvall.se;C:\Users\niklas.sviden\OneDrive - Åke Sundvalls Byggnads AB\SPELET 2\Bilder\Skapade bilder\Dotterbolag Mastermind Stadsbygg AB.png;CEO-6;Medlaren;Inkluderande ledarskap;1;1;2;-;-;-;Kallar in alla, lyssnar på alla, får alla med på båten. Beslut förankras stenhårt och ingen stångar emot på vägen ut ur rummet. Priset är att processen tar tid - och den första att bli otålig är konkurrenten.;Fick fyra disparata JV-partners att enas om gemensam utvecklingsplan på två workshops;Förenade två sammanslagna ledningsgrupper utan att en enda chef sa upp sig;Tog en kontroversiell omorganisation i mål efter ett halvårs förankring — inga interna utspel;Förhandlade fram en ny entreprenadmodell som både byggherre och entreprenör vill prata om publikt;#7A2020;#7A2020;C:\Users\niklas.sviden\OneDrive - Åke Sundvalls Byggnads AB\SPELET 2\Bilder\Skapade bilder\CEO Medlaren.png;#7A2020;#FCF6EF
M44;Mastermind Stadsbygg AB;COO;Sergej Paulinich;Sergej;sergej.paulinich@akesundvall.se;C:\Users\niklas.sviden\OneDrive - Åke Sundvalls Byggnads AB\SPELET 2\Bilder\Skapade bilder\Dotterbolag Mastermind Stadsbygg AB.png;COO-1;Urmakaren;Drift & flöden;-;-;2;2;-;-;Får hjulen att snurra utan att någon märker hur. Allt flyter, alla deadlines hålls, leveransen kommer innan kunden ringt. Tar inte plats i rampljuset - men slutar Maskinrumsmästaren komma till jobbet stannar tåget på dag tre.;Optimerade leveransflödet på 14 byggprojekt — sänkte stilleståndstid med 22 %;Designade ett produktionsflöde där varje vecka börjar och slutar likadant;Halverade tiden från upphandling till spaden i jorden genom standardisering;Bytte till just-in-time-leverans på fönster och dörrar — ingen byggplats har klagat sedan;#7A2020;#7A2020;C:\Users\niklas.sviden\OneDrive - Åke Sundvalls Byggnads AB\SPELET 2\Bilder\Skapade bilder\COO Urmakaren.png;#7A2020;#FCF6EF
M44;Mastermind Stadsbygg AB;COO;Sergej Paulinich;Sergej;sergej.paulinich@akesundvall.se;C:\Users\niklas.sviden\OneDrive - Åke Sundvalls Byggnads AB\SPELET 2\Bilder\Skapade bilder\Dotterbolag Mastermind Stadsbygg AB.png;COO-2;Förmannen;Människor & miljö;-;1;1;-;-;2;Pratar med snickaren först och vd:n sist. Kör runt med kaffe och fångar upp signaler innan de blir konflikter. Lojaliteten i organisationen är skyhög - men styrelsen efterlyser ibland mer hårda siffror i föredragningarna.;Höll personalomsättningen under 4 % i fem år;Stoppade en arbetsmiljöincident som var på väg att bli allvarlig — dagen före;Fick byggarbetsplatserna att rapportera fler tillbud än någonsin tidigare — utan att någon kände sig påhoppad;"Drev igenom heta arbetstillstånd även där ""alla redan visste""";#7A2020;#7A2020;C:\Users\niklas.sviden\OneDrive - Åke Sundvalls Byggnads AB\SPELET 2\Bilder\Skapade bilder\COO Förmannen.png;#7A2020;#FCF6EF
M44;Mastermind Stadsbygg AB;COO;Sergej Paulinich;Sergej;sergej.paulinich@akesundvall.se;C:\Users\niklas.sviden\OneDrive - Åke Sundvalls Byggnads AB\SPELET 2\Bilder\Skapade bilder\Dotterbolag Mastermind Stadsbygg AB.png;COO-3;Generalen;Hård leverans;2;-;1;1;-;-;Säger nej oftare än ja och betyder det varje gång. Leveranserna kommer i tid, budgeten håller, ursäkterna saknas. Briljant i pressade lägen - men öppna hjärtan bygger inte Generalen, det är ABM-rapportens jobb.;Levererade Kvarteret Norra Stenen tre veckor före tidplan — och 9 % under budget;Bytte underentreprenör tre veckor in i ett projekt utan att tappa fart;Skickade tillbaka 23 ton armering med ord ingen i ledningen vill upprepa;Höll alla 11 milstolpar på sju parallella projekt under det år som mest gick fel i branschen;#7A2020;#7A2020;C:\Users\niklas.sviden\OneDrive - Åke Sundvalls Byggnads AB\SPELET 2\Bilder\Skapade bilder\COO Generalen.png;#7A2020;#FCF6EF
M44;Mastermind Stadsbygg AB;COO;Sergej Paulinich;Sergej;sergej.paulinich@akesundvall.se;C:\Users\niklas.sviden\OneDrive - Åke Sundvalls Byggnads AB\SPELET 2\Bilder\Skapade bilder\Dotterbolag Mastermind Stadsbygg AB.png;COO-4;Pionjären;Digital drift;-;-;1;1;2;-;Pilotar drönare över bygget och bygger om Excel till Power BI på en eftermiddag. Plockar bort minuter ur varje delprocess. Risk är att förändringen blir snabbare än organisationens mage - men det är en lyxoro.;Implementerade BIM på samtliga projekt — sex månader före branschsnittet;Byggde dashboards som ersatte 14 manuella excel-rapporter;Pilotade drönarinventering på två projekt — sparade 600 mantimmar enbart på lägeskontroller;Fick byggarbetsplatserna att skanna leveranskvitton i mobilen — försvunna fakturor: noll på två år;#7A2020;#7A2020;C:\Users\niklas.sviden\OneDrive - Åke Sundvalls Byggnads AB\SPELET 2\Bilder\Skapade bilder\COO Pionjären.png;#7A2020;#FCF6EF
M44;Mastermind Stadsbygg AB;COO;Sergej Paulinich;Sergej;sergej.paulinich@akesundvall.se;C:\Users\niklas.sviden\OneDrive - Åke Sundvalls Byggnads AB\SPELET 2\Bilder\Skapade bilder\Dotterbolag Mastermind Stadsbygg AB.png;COO-5;Bron;Tvärfunktionell samordning;-;1;2;-;-;1;Tolk mellan kontoret och fältet, mellan ekonomi och produktion, mellan styrelse och stomresare. Får människor som inte talar samma språk att förstå varandra ändå. Den dag Bron har semester ställs sex möten in.;Översatte mellan ekonomi och produktion under en tre månader lång konflikt — de pratar fortfarande;Designade ett samordningsmöte på 30 minuter som ersatte tre möten på sammanlagt fyra timmar;Fick styrelsen och stomresarna att förstå varandras kalendrar efter sju år av missförstånd;Etablerade ett gemensamt språk mellan inköp och projekt som överlevt två organisationsförändringar;#7A2020;#7A2020;C:\Users\niklas.sviden\OneDrive - Åke Sundvalls Byggnads AB\SPELET 2\Bilder\Skapade bilder\COO Bron.png;#7A2020;#FCF6EF
M44;Mastermind Stadsbygg AB;COO;Sergej Paulinich;Sergej;sergej.paulinich@akesundvall.se;C:\Users\niklas.sviden\OneDrive - Åke Sundvalls Byggnads AB\SPELET 2\Bilder\Skapade bilder\Dotterbolag Mastermind Stadsbygg AB.png;COO-6;Brandsläckaren;Akutoperationer;1;-;-;2;-;1;Står där det brinner och rycker ut innan någon hunnit larma. Detaljkoll, snabb fot, iskall under press. Den långsiktiga planeringen blir ibland lidande - för det dyker alltid upp en ny brand som behöver släckas först.;Hanterade en grävmaskinincident inom 90 minuter — inga personskador, inga försäkringskrav;Ledde övergången efter huvudentreprenörens konkurs en fredag eftermiddag — produktionen rullade på måndagen;Tog över ett projekt två veckor före slutbesiktning som tappat sju nyckelroller;Räddade en kvalitetsavvikelse på 47 lägenheter med en lösning varken arkitekten eller byggherren trott var möjlig;#7A2020;#7A2020;C:\Users\niklas.sviden\OneDrive - Åke Sundvalls Byggnads AB\SPELET 2\Bilder\Skapade bilder\COO Brandsläckaren.png;#7A2020;#FCF6EF
M46;Mastermind Stadsbygg AB;CFO;Tara Rahimian;Tara;tara.rahimian@akesundvall.se;C:\Users\niklas.sviden\OneDrive - Åke Sundvalls Byggnads AB\SPELET 2\Bilder\Skapade bilder\Dotterbolag Mastermind Stadsbygg AB.png;CFO-1;Rödpennan;Detaljerad ekonomi;1;-;1;2;-;-;Hittar tolvkronan i en hundramiljonersbudget och ringer dig om den klockan halv åtta på en torsdag. Inget passerar oupptäckt. Mindre lustig att sitta bredvid på en projektgenomgång - men kostnadskontrollen är kompromisslös.;Hittade en felaktig periodisering som kostat bolaget 4,2 mkr om året i tio år;Granskade 17 leverantörsavtal in i minsta detalj och förhandlade ner snittpriset 6,3 %;Implementerade kostnadsuppföljning per arbetspaket på alla projekt — projektcheferna grät de första två månaderna;Avslöjade ett mönster i ÄTA-arbeten som ledde till en tvist bolaget sedan vann;#7A2020;#7A2020;C:\Users\niklas.sviden\OneDrive - Åke Sundvalls Byggnads AB\SPELET 2\Bilder\Skapade bilder\CFO Rödpennan.png;#7A2020;#FCF6EF
M46;Mastermind Stadsbygg AB;CFO;Tara Rahimian;Tara;tara.rahimian@akesundvall.se;C:\Users\niklas.sviden\OneDrive - Åke Sundvalls Byggnads AB\SPELET 2\Bilder\Skapade bilder\Dotterbolag Mastermind Stadsbygg AB.png;CFO-2;Strategen;Affärsstrategisk ekonomi;2;1;-;1;-;-;Räknar inte bara - bygger affärsmodellen från grunden. Ser portföljen som ett schackbräde och flyttar pjäserna med långsiktig blick. Om någon i ledningsgruppen ifrågasätter en investering har Strategen redan tre framtidsscenarier i bakfickan.;Modellerade tre finansieringsstrukturer för en stadsdelsutveckling — alla tre antogs av styrelsen, en valdes;Föreslog uppdelning av portföljen i två bolag tre år innan branschen följde efter;Konstruerade ett hybridlån som öppnade investeringsdörren på 1,4 mdr när banken hade stängt;Designade en avkastningsmodell som fortfarande används av bolagets investerargrupp;#7A2020;#7A2020;C:\Users\niklas.sviden\OneDrive - Åke Sundvalls Byggnads AB\SPELET 2\Bilder\Skapade bilder\CFO Strategen.png;#7A2020;#FCF6EF
M46;Mastermind Stadsbygg AB;CFO;Tara Rahimian;Tara;tara.rahimian@akesundvall.se;C:\Users\niklas.sviden\OneDrive - Åke Sundvalls Byggnads AB\SPELET 2\Bilder\Skapade bilder\Dotterbolag Mastermind Stadsbygg AB.png;CFO-3;Vakthunden;Riskhantering;1;-;-;2;-;1;Försiktigheten på två ben. Säger nej oftare än ja och har elva worst-case-scenarier i varje föredragning. Räddar bolaget från det som aldrig händer - vilket är problemet, för man får aldrig veta hur många kriser som faktiskt undveks.;Avrådde från ett markförvärv tre månader före räntechocken — sparade bolaget uppskattningsvis 110 mkr;Implementerade ett scenarioarbete styrelsen nu kräver för varje förvärv över 50 mkr;Fick valutakursförsäkring på plats två veckor före kronfallet — inte tur, det stod i excelmodellen;Identifierade en juridisk svaghet i ett markköpsavtal som hade kunnat kosta bolaget hela investeringen;#7A2020;#7A2020;C:\Users\niklas.sviden\OneDrive - Åke Sundvalls Byggnads AB\SPELET 2\Bilder\Skapade bilder\CFO Vakthunden.png;#7A2020;#FCF6EF
M46;Mastermind Stadsbygg AB;CFO;Tara Rahimian;Tara;tara.rahimian@akesundvall.se;C:\Users\niklas.sviden\OneDrive - Åke Sundvalls Byggnads AB\SPELET 2\Bilder\Skapade bilder\Dotterbolag Mastermind Stadsbygg AB.png;CFO-4;Statistikern;Modern controlling;-;1;-;1;2;-;Ekonomi i realtid på en dashboard som uppdateras varje natt klockan tre. Drar in BI-verktyg där andra fortfarande mejlar Excel-filer. Bygger framtidens controlling - så länge du står ut med entusiastiska föredragningar om datakvalitet.;Byggde en BI-plattform som gav projektmarginalsiffror i realtid — inte två månader senare;Implementerade rullande prognoser med scenarioanalys på fem variabler — styrelsen läser dem först av allt;Konsoliderade 12 olika excel-modeller till en enda Power BI-instans;Fick controllers från fyra dotterbolag att rapportera i samma datamodell — det tog ett år, men nu rullar det;#7A2020;#7A2020;C:\Users\niklas.sviden\OneDrive - Åke Sundvalls Byggnads AB\SPELET 2\Bilder\Skapade bilder\CFO Statistikern.png;#7A2020;#FCF6EF
M46;Mastermind Stadsbygg AB;CFO;Tara Rahimian;Tara;tara.rahimian@akesundvall.se;C:\Users\niklas.sviden\OneDrive - Åke Sundvalls Byggnads AB\SPELET 2\Bilder\Skapade bilder\Dotterbolag Mastermind Stadsbygg AB.png;CFO-5;Berättaren;Investerar- & styrelsekommunikation;1;2;-;1;-;-;Förvandlar delårsrapporten från siffersoppa till berättelse. Styrelsen lyssnar, banken nickar, ägarna sover gott. Tar tid från detaljarbetet - men en CFO som kan kommunicera är värd flera procentenheter i förtroendekapital.;Skrev om årsredovisningen så att bankens kreditkommitté hörde av sig och bad hen komma och föreläsa;Höll emissionen lugn medan två konkurrenter pausade sina — investerarberättelsen höll;Fick en ovillig styrelseledamot att rösta för en kontroversiell investering med en enda slidesammanställning;Etablerade ett kvartalsformat för ägarkommunikation som inte ändrats på fem år — för att det fungerar;#7A2020;#7A2020;C:\Users\niklas.sviden\OneDrive - Åke Sundvalls Byggnads AB\SPELET 2\Bilder\Skapade bilder\CFO Berättaren.png;#7A2020;#FCF6EF
M46;Mastermind Stadsbygg AB;CFO;Tara Rahimian;Tara;tara.rahimian@akesundvall.se;C:\Users\niklas.sviden\OneDrive - Åke Sundvalls Byggnads AB\SPELET 2\Bilder\Skapade bilder\Dotterbolag Mastermind Stadsbygg AB.png;CFO-6;Skattmästaren;Klassisk ekonomi;2;-;-;2;-;-;Trettio år i samma stol och har bokfört allt själv minst en gång. Stenhård budgetdisciplin, järnkoll på balansräkningen, traditionellt och ologiskt enkelt. Modern teknik är något andra får leka med - skattmästaren räknar för hand och stämmer alltid.;Bokslut levererat senast tre veckor efter periodslut — 17 år i rad;Stängde två gamla balansposter ingen vågat röra sedan tidigt 2000-tal;Fick revisorerna att skriva under utan en enda anmärkning fem år i rad;Vägrar adoptera nya redovisningsstandarder förrän de är obligatoriska — och har aldrig haft fel;#7A2020;#7A2020;C:\Users\niklas.sviden\OneDrive - Åke Sundvalls Byggnads AB\SPELET 2\Bilder\Skapade bilder\CFO Skattmästaren.png;#7A2020;#FCF6EF
M2;Pilbäcken Kvartersbolag;CFO;Alexander Hedberg;Alexander;alexander.hedberg@akesundvall.se;C:\Users\niklas.sviden\OneDrive - Åke Sundvalls Byggnads AB\SPELET 2\Bilder\Skapade bilder\Dotterbolag Pilbäcken Kvartersbolag.png;CFO-1;Rödpennan;Detaljerad ekonomi;1;-;1;2;-;-;Hittar tolvkronan i en hundramiljonersbudget och ringer dig om den klockan halv åtta på en torsdag. Inget passerar oupptäckt. Mindre lustig att sitta bredvid på en projektgenomgång - men kostnadskontrollen är kompromisslös.;Hittade en felaktig periodisering som kostat bolaget 4,2 mkr om året i tio år;Granskade 17 leverantörsavtal in i minsta detalj och förhandlade ner snittpriset 6,3 %;Implementerade kostnadsuppföljning per arbetspaket på alla projekt — projektcheferna grät de första två månaderna;Avslöjade ett mönster i ÄTA-arbeten som ledde till en tvist bolaget sedan vann;#7A2020;#7A2020;C:\Users\niklas.sviden\OneDrive - Åke Sundvalls Byggnads AB\SPELET 2\Bilder\Skapade bilder\CFO Rödpennan.png;#7A2020;#FCF6EF
M2;Pilbäcken Kvartersbolag;CFO;Alexander Hedberg;Alexander;alexander.hedberg@akesundvall.se;C:\Users\niklas.sviden\OneDrive - Åke Sundvalls Byggnads AB\SPELET 2\Bilder\Skapade bilder\Dotterbolag Pilbäcken Kvartersbolag.png;CFO-2;Strategen;Affärsstrategisk ekonomi;2;1;-;1;-;-;Räknar inte bara - bygger affärsmodellen från grunden. Ser portföljen som ett schackbräde och flyttar pjäserna med långsiktig blick. Om någon i ledningsgruppen ifrågasätter en investering har Strategen redan tre framtidsscenarier i bakfickan.;Modellerade tre finansieringsstrukturer för en stadsdelsutveckling — alla tre antogs av styrelsen, en valdes;Föreslog uppdelning av portföljen i två bolag tre år innan branschen följde efter;Konstruerade ett hybridlån som öppnade investeringsdörren på 1,4 mdr när banken hade stängt;Designade en avkastningsmodell som fortfarande används av bolagets investerargrupp;#7A2020;#7A2020;C:\Users\niklas.sviden\OneDrive - Åke Sundvalls Byggnads AB\SPELET 2\Bilder\Skapade bilder\CFO Strategen.png;#7A2020;#FCF6EF
M2;Pilbäcken Kvartersbolag;CFO;Alexander Hedberg;Alexander;alexander.hedberg@akesundvall.se;C:\Users\niklas.sviden\OneDrive - Åke Sundvalls Byggnads AB\SPELET 2\Bilder\Skapade bilder\Dotterbolag Pilbäcken Kvartersbolag.png;CFO-3;Vakthunden;Riskhantering;1;-;-;2;-;1;Försiktigheten på två ben. Säger nej oftare än ja och har elva worst-case-scenarier i varje föredragning. Räddar bolaget från det som aldrig händer - vilket är problemet, för man får aldrig veta hur många kriser som faktiskt undveks.;Avrådde från ett markförvärv tre månader före räntechocken — sparade bolaget uppskattningsvis 110 mkr;Implementerade ett scenarioarbete styrelsen nu kräver för varje förvärv över 50 mkr;Fick valutakursförsäkring på plats två veckor före kronfallet — inte tur, det stod i excelmodellen;Identifierade en juridisk svaghet i ett markköpsavtal som hade kunnat kosta bolaget hela investeringen;#7A2020;#7A2020;C:\Users\niklas.sviden\OneDrive - Åke Sundvalls Byggnads AB\SPELET 2\Bilder\Skapade bilder\CFO Vakthunden.png;#7A2020;#FCF6EF
M2;Pilbäcken Kvartersbolag;CFO;Alexander Hedberg;Alexander;alexander.hedberg@akesundvall.se;C:\Users\niklas.sviden\OneDrive - Åke Sundvalls Byggnads AB\SPELET 2\Bilder\Skapade bilder\Dotterbolag Pilbäcken Kvartersbolag.png;CFO-4;Statistikern;Modern controlling;-;1;-;1;2;-;Ekonomi i realtid på en dashboard som uppdateras varje natt klockan tre. Drar in BI-verktyg där andra fortfarande mejlar Excel-filer. Bygger framtidens controlling - så länge du står ut med entusiastiska föredragningar om datakvalitet.;Byggde en BI-plattform som gav projektmarginalsiffror i realtid — inte två månader senare;Implementerade rullande prognoser med scenarioanalys på fem variabler — styrelsen läser dem först av allt;Konsoliderade 12 olika excel-modeller till en enda Power BI-instans;Fick controllers från fyra dotterbolag att rapportera i samma datamodell — det tog ett år, men nu rullar det;#7A2020;#7A2020;C:\Users\niklas.sviden\OneDrive - Åke Sundvalls Byggnads AB\SPELET 2\Bilder\Skapade bilder\CFO Statistikern.png;#7A2020;#FCF6EF
M2;Pilbäcken Kvartersbolag;CFO;Alexander Hedberg;Alexander;alexander.hedberg@akesundvall.se;C:\Users\niklas.sviden\OneDrive - Åke Sundvalls Byggnads AB\SPELET 2\Bilder\Skapade bilder\Dotterbolag Pilbäcken Kvartersbolag.png;CFO-5;Berättaren;Investerar- & styrelsekommunikation;1;2;-;1;-;-;Förvandlar delårsrapporten från siffersoppa till berättelse. Styrelsen lyssnar, banken nickar, ägarna sover gott. Tar tid från detaljarbetet - men en CFO som kan kommunicera är värd flera procentenheter i förtroendekapital.;Skrev om årsredovisningen så att bankens kreditkommitté hörde av sig och bad hen komma och föreläsa;Höll emissionen lugn medan två konkurrenter pausade sina — investerarberättelsen höll;Fick en ovillig styrelseledamot att rösta för en kontroversiell investering med en enda slidesammanställning;Etablerade ett kvartalsformat för ägarkommunikation som inte ändrats på fem år — för att det fungerar;#7A2020;#7A2020;C:\Users\niklas.sviden\OneDrive - Åke Sundvalls Byggnads AB\SPELET 2\Bilder\Skapade bilder\CFO Berättaren.png;#7A2020;#FCF6EF
M2;Pilbäcken Kvartersbolag;CFO;Alexander Hedberg;Alexander;alexander.hedberg@akesundvall.se;C:\Users\niklas.sviden\OneDrive - Åke Sundvalls Byggnads AB\SPELET 2\Bilder\Skapade bilder\Dotterbolag Pilbäcken Kvartersbolag.png;CFO-6;Skattmästaren;Klassisk ekonomi;2;-;-;2;-;-;Trettio år i samma stol och har bokfört allt själv minst en gång. Stenhård budgetdisciplin, järnkoll på balansräkningen, traditionellt och ologiskt enkelt. Modern teknik är något andra får leka med - skattmästaren räknar för hand och stämmer alltid.;Bokslut levererat senast tre veckor efter periodslut — 17 år i rad;Stängde två gamla balansposter ingen vågat röra sedan tidigt 2000-tal;Fick revisorerna att skriva under utan en enda anmärkning fem år i rad;Vägrar adoptera nya redovisningsstandarder förrän de är obligatoriska — och har aldrig haft fel;#7A2020;#7A2020;C:\Users\niklas.sviden\OneDrive - Åke Sundvalls Byggnads AB\SPELET 2\Bilder\Skapade bilder\CFO Skattmästaren.png;#7A2020;#FCF6EF
M4;Pilbäcken Kvartersbolag;COO;Ann Lindberg;Ann;ann.lindberg@akesundvall.se;C:\Users\niklas.sviden\OneDrive - Åke Sundvalls Byggnads AB\SPELET 2\Bilder\Skapade bilder\Dotterbolag Pilbäcken Kvartersbolag.png;COO-1;Urmakaren;Drift & flöden;-;-;2;2;-;-;Får hjulen att snurra utan att någon märker hur. Allt flyter, alla deadlines hålls, leveransen kommer innan kunden ringt. Tar inte plats i rampljuset - men slutar Maskinrumsmästaren komma till jobbet stannar tåget på dag tre.;Optimerade leveransflödet på 14 byggprojekt — sänkte stilleståndstid med 22 %;Designade ett produktionsflöde där varje vecka börjar och slutar likadant;Halverade tiden från upphandling till spaden i jorden genom standardisering;Bytte till just-in-time-leverans på fönster och dörrar — ingen byggplats har klagat sedan;#7A2020;#7A2020;C:\Users\niklas.sviden\OneDrive - Åke Sundvalls Byggnads AB\SPELET 2\Bilder\Skapade bilder\COO Urmakaren.png;#7A2020;#FCF6EF
M4;Pilbäcken Kvartersbolag;COO;Ann Lindberg;Ann;ann.lindberg@akesundvall.se;C:\Users\niklas.sviden\OneDrive - Åke Sundvalls Byggnads AB\SPELET 2\Bilder\Skapade bilder\Dotterbolag Pilbäcken Kvartersbolag.png;COO-2;Förmannen;Människor & miljö;-;1;1;-;-;2;Pratar med snickaren först och vd:n sist. Kör runt med kaffe och fångar upp signaler innan de blir konflikter. Lojaliteten i organisationen är skyhög - men styrelsen efterlyser ibland mer hårda siffror i föredragningarna.;Höll personalomsättningen under 4 % i fem år;Stoppade en arbetsmiljöincident som var på väg att bli allvarlig — dagen före;Fick byggarbetsplatserna att rapportera fler tillbud än någonsin tidigare — utan att någon kände sig påhoppad;"Drev igenom heta arbetstillstånd även där ""alla redan visste""";#7A2020;#7A2020;C:\Users\niklas.sviden\OneDrive - Åke Sundvalls Byggnads AB\SPELET 2\Bilder\Skapade bilder\COO Förmannen.png;#7A2020;#FCF6EF
M4;Pilbäcken Kvartersbolag;COO;Ann Lindberg;Ann;ann.lindberg@akesundvall.se;C:\Users\niklas.sviden\OneDrive - Åke Sundvalls Byggnads AB\SPELET 2\Bilder\Skapade bilder\Dotterbolag Pilbäcken Kvartersbolag.png;COO-3;Generalen;Hård leverans;2;-;1;1;-;-;Säger nej oftare än ja och betyder det varje gång. Leveranserna kommer i tid, budgeten håller, ursäkterna saknas. Briljant i pressade lägen - men öppna hjärtan bygger inte Generalen, det är ABM-rapportens jobb.;Levererade Kvarteret Norra Stenen tre veckor före tidplan — och 9 % under budget;Bytte underentreprenör tre veckor in i ett projekt utan att tappa fart;Skickade tillbaka 23 ton armering med ord ingen i ledningen vill upprepa;Höll alla 11 milstolpar på sju parallella projekt under det år som mest gick fel i branschen;#7A2020;#7A2020;C:\Users\niklas.sviden\OneDrive - Åke Sundvalls Byggnads AB\SPELET 2\Bilder\Skapade bilder\COO Generalen.png;#7A2020;#FCF6EF
M4;Pilbäcken Kvartersbolag;COO;Ann Lindberg;Ann;ann.lindberg@akesundvall.se;C:\Users\niklas.sviden\OneDrive - Åke Sundvalls Byggnads AB\SPELET 2\Bilder\Skapade bilder\Dotterbolag Pilbäcken Kvartersbolag.png;COO-4;Pionjären;Digital drift;-;-;1;1;2;-;Pilotar drönare över bygget och bygger om Excel till Power BI på en eftermiddag. Plockar bort minuter ur varje delprocess. Risk är att förändringen blir snabbare än organisationens mage - men det är en lyxoro.;Implementerade BIM på samtliga projekt — sex månader före branschsnittet;Byggde dashboards som ersatte 14 manuella excel-rapporter;Pilotade drönarinventering på två projekt — sparade 600 mantimmar enbart på lägeskontroller;Fick byggarbetsplatserna att skanna leveranskvitton i mobilen — försvunna fakturor: noll på två år;#7A2020;#7A2020;C:\Users\niklas.sviden\OneDrive - Åke Sundvalls Byggnads AB\SPELET 2\Bilder\Skapade bilder\COO Pionjären.png;#7A2020;#FCF6EF
M4;Pilbäcken Kvartersbolag;COO;Ann Lindberg;Ann;ann.lindberg@akesundvall.se;C:\Users\niklas.sviden\OneDrive - Åke Sundvalls Byggnads AB\SPELET 2\Bilder\Skapade bilder\Dotterbolag Pilbäcken Kvartersbolag.png;COO-5;Bron;Tvärfunktionell samordning;-;1;2;-;-;1;Tolk mellan kontoret och fältet, mellan ekonomi och produktion, mellan styrelse och stomresare. Får människor som inte talar samma språk att förstå varandra ändå. Den dag Bron har semester ställs sex möten in.;Översatte mellan ekonomi och produktion under en tre månader lång konflikt — de pratar fortfarande;Designade ett samordningsmöte på 30 minuter som ersatte tre möten på sammanlagt fyra timmar;Fick styrelsen och stomresarna att förstå varandras kalendrar efter sju år av missförstånd;Etablerade ett gemensamt språk mellan inköp och projekt som överlevt två organisationsförändringar;#7A2020;#7A2020;C:\Users\niklas.sviden\OneDrive - Åke Sundvalls Byggnads AB\SPELET 2\Bilder\Skapade bilder\COO Bron.png;#7A2020;#FCF6EF
M4;Pilbäcken Kvartersbolag;COO;Ann Lindberg;Ann;ann.lindberg@akesundvall.se;C:\Users\niklas.sviden\OneDrive - Åke Sundvalls Byggnads AB\SPELET 2\Bilder\Skapade bilder\Dotterbolag Pilbäcken Kvartersbolag.png;COO-6;Brandsläckaren;Akutoperationer;1;-;-;2;-;1;Står där det brinner och rycker ut innan någon hunnit larma. Detaljkoll, snabb fot, iskall under press. Den långsiktiga planeringen blir ibland lidande - för det dyker alltid upp en ny brand som behöver släckas först.;Hanterade en grävmaskinincident inom 90 minuter — inga personskador, inga försäkringskrav;Ledde övergången efter huvudentreprenörens konkurs en fredag eftermiddag — produktionen rullade på måndagen;Tog över ett projekt två veckor före slutbesiktning som tappat sju nyckelroller;Räddade en kvalitetsavvikelse på 47 lägenheter med en lösning varken arkitekten eller byggherren trott var möjlig;#7A2020;#7A2020;C:\Users\niklas.sviden\OneDrive - Åke Sundvalls Byggnads AB\SPELET 2\Bilder\Skapade bilder\COO Brandsläckaren.png;#7A2020;#FCF6EF
M48;Pilbäcken Kvartersbolag;CEO;Tim Svalling;Tim;tim.svalling@akesundvall.se;C:\Users\niklas.sviden\OneDrive - Åke Sundvalls Byggnads AB\SPELET 2\Bilder\Skapade bilder\Dotterbolag Pilbäcken Kvartersbolag.png;CEO-1;Skepparen;Vision & strategi;2;1;-;-;1;-;Står på berget och pekar. När alla andra ser molnen ser Riktningsgivaren horisonten. Stark hand på rodret och en gnista nytänkande - men frågar du om kvartalsbokslutet kommer det vara någon annan som svarar.;"Lade fram femårsstrategin ""Vägen mot 5000 lägenheter"" — antagen av styrelsen efter en eftermiddag";Vände bolagets riktning mot mixed-use efter en kaffe med kommunalrådet;Övertygade ägarna att avveckla logistikportföljen två år innan marknaden vände;Etablerade samarbete med internationellt arkitektkontor som ingen i branschen kände till;#7A2020;#7A2020;C:\Users\niklas.sviden\OneDrive - Åke Sundvalls Byggnads AB\SPELET 2\Bilder\Skapade bilder\CEO Skepparen.png;#7A2020;#FCF6EF
M48;Pilbäcken Kvartersbolag;CEO;Tim Svalling;Tim;tim.svalling@akesundvall.se;C:\Users\niklas.sviden\OneDrive - Åke Sundvalls Byggnads AB\SPELET 2\Bilder\Skapade bilder\Dotterbolag Pilbäcken Kvartersbolag.png;CEO-2;Förhandlaren;Affärer & relationer;1;2;1;-;-;-;Stänger affärer på bakplanet av en lunch och hinner samtidigt komma ihåg din frus namn. Skickligast i rummet på att få ett ja - men det betyder också att kalendern ofta gungar och detaljerna lämnas till någon annan.;Stängde markförvärvet i Norra Hamnen tre veckor före konkurrenten — handslag, papper sen;Förhandlade upp markpriset 9 % efter en gemensam middag;Räddade ett dröjande JV-avtal med ett samtal till ordförandens fru;Drev fyra parallella förhandlingar under en och samma kvartalspresentation;#7A2020;#7A2020;C:\Users\niklas.sviden\OneDrive - Åke Sundvalls Byggnads AB\SPELET 2\Bilder\Skapade bilder\CEO Förhandlaren.png;#7A2020;#FCF6EF
M48;Pilbäcken Kvartersbolag;CEO;Tim Svalling;Tim;tim.svalling@akesundvall.se;C:\Users\niklas.sviden\OneDrive - Åke Sundvalls Byggnads AB\SPELET 2\Bilder\Skapade bilder\Dotterbolag Pilbäcken Kvartersbolag.png;CEO-3;Värden;Företagskultur;1;1;-;-;-;2;Tror på att kulturen är hela husgrunden. Bygger ett bolag där folk vill stanna kvar - hög lojalitet, låg sjukfrånvaro, stabilt fundament. Tempot är mjukare och de hårda affärsbesluten kan dröja, men ingen blir kvarglömd på vägen.;Sänkte sjukfrånvaron från 8 % till 3 % på två år;Byggde mentorprogram som nu har tre års kö;Stoppade en redan annonserad omorganisation efter att ha läst stämningen rätt;"Tog hem ""Årets arbetsgivare"" samma år som bolaget gjorde sin lägsta marginal någonsin";#7A2020;#7A2020;C:\Users\niklas.sviden\OneDrive - Åke Sundvalls Byggnads AB\SPELET 2\Bilder\Skapade bilder\CEO Värden.png;#7A2020;#FCF6EF
M48;Pilbäcken Kvartersbolag;CEO;Tim Svalling;Tim;tim.svalling@akesundvall.se;C:\Users\niklas.sviden\OneDrive - Åke Sundvalls Byggnads AB\SPELET 2\Bilder\Skapade bilder\Dotterbolag Pilbäcken Kvartersbolag.png;CEO-4;Profilen;Profil & opinionsbildning;1;2;-;-;1;-;Talar i Almedalen, sitter i panel på Business Arena, citeras i DI varje torsdag. Sätter bolaget på kartan och drar nya kunder med ett tonfall - men huset hemma ska helst sköta sig självt under tiden.;Talade på tre rikstäckande paneler under samma vecka — tre olika budskap, alla väl mottagna;Citerades 47 gånger i Dagens Industri under ett år;Fick stadens kommunalråd att lyfta bolagets vision i nyårstalet;Lanserade en hashtag som tog över byggbranschen i sex månader;#7A2020;#7A2020;C:\Users\niklas.sviden\OneDrive - Åke Sundvalls Byggnads AB\SPELET 2\Bilder\Skapade bilder\CEO Profilen.png;#7A2020;#FCF6EF
M48;Pilbäcken Kvartersbolag;CEO;Tim Svalling;Tim;tim.svalling@akesundvall.se;C:\Users\niklas.sviden\OneDrive - Åke Sundvalls Byggnads AB\SPELET 2\Bilder\Skapade bilder\Dotterbolag Pilbäcken Kvartersbolag.png;CEO-5;Klippan;Krisledarskap;2;-;-;1;-;1;När larmet går blir alla lugnare bara av att se Klippan sätta sig vid bordet. Trygghet på riktigt, ordning i kaos och blick för säkerhet - men tystlåten i medvind, sällan den som tänder festen.;Höll bolaget samlat under huvudentreprenörens konkurs — inga uppsägningar, inga försenade etapper;Ledde insatsen efter översvämningen — alla uthyrda lägenheter bebodda igen inom åtta veckor;Tog över ledningen under förra VD:ns sjukskrivning utan att någon utomstående märkte;Hanterade en arbetsplatsolycka på ett sätt facket sedan höll fram som modellexempel;#7A2020;#7A2020;C:\Users\niklas.sviden\OneDrive - Åke Sundvalls Byggnads AB\SPELET 2\Bilder\Skapade bilder\CEO Klippan.png;#7A2020;#FCF6EF
M48;Pilbäcken Kvartersbolag;CEO;Tim Svalling;Tim;tim.svalling@akesundvall.se;C:\Users\niklas.sviden\OneDrive - Åke Sundvalls Byggnads AB\SPELET 2\Bilder\Skapade bilder\Dotterbolag Pilbäcken Kvartersbolag.png;CEO-6;Medlaren;Inkluderande ledarskap;1;1;2;-;-;-;Kallar in alla, lyssnar på alla, får alla med på båten. Beslut förankras stenhårt och ingen stångar emot på vägen ut ur rummet. Priset är att processen tar tid - och den första att bli otålig är konkurrenten.;Fick fyra disparata JV-partners att enas om gemensam utvecklingsplan på två workshops;Förenade två sammanslagna ledningsgrupper utan att en enda chef sa upp sig;Tog en kontroversiell omorganisation i mål efter ett halvårs förankring — inga interna utspel;Förhandlade fram en ny entreprenadmodell som både byggherre och entreprenör vill prata om publikt;#7A2020;#7A2020;C:\Users\niklas.sviden\OneDrive - Åke Sundvalls Byggnads AB\SPELET 2\Bilder\Skapade bilder\CEO Medlaren.png;#7A2020;#FCF6EF
M17;Skogskanten Stadsdel AB;CFO;Fanny Åkerström;Fanny;fanny.akerstrom@akesundvall.se;C:\Users\niklas.sviden\OneDrive - Åke Sundvalls Byggnads AB\SPELET 2\Bilder\Skapade bilder\Dotterbolag Skogskanten Stadsdel AB.png;CFO-1;Rödpennan;Detaljerad ekonomi;1;-;1;2;-;-;Hittar tolvkronan i en hundramiljonersbudget och ringer dig om den klockan halv åtta på en torsdag. Inget passerar oupptäckt. Mindre lustig att sitta bredvid på en projektgenomgång - men kostnadskontrollen är kompromisslös.;Hittade en felaktig periodisering som kostat bolaget 4,2 mkr om året i tio år;Granskade 17 leverantörsavtal in i minsta detalj och förhandlade ner snittpriset 6,3 %;Implementerade kostnadsuppföljning per arbetspaket på alla projekt — projektcheferna grät de första två månaderna;Avslöjade ett mönster i ÄTA-arbeten som ledde till en tvist bolaget sedan vann;#7A2020;#7A2020;C:\Users\niklas.sviden\OneDrive - Åke Sundvalls Byggnads AB\SPELET 2\Bilder\Skapade bilder\CFO Rödpennan.png;#7A2020;#FCF6EF
M17;Skogskanten Stadsdel AB;CFO;Fanny Åkerström;Fanny;fanny.akerstrom@akesundvall.se;C:\Users\niklas.sviden\OneDrive - Åke Sundvalls Byggnads AB\SPELET 2\Bilder\Skapade bilder\Dotterbolag Skogskanten Stadsdel AB.png;CFO-2;Strategen;Affärsstrategisk ekonomi;2;1;-;1;-;-;Räknar inte bara - bygger affärsmodellen från grunden. Ser portföljen som ett schackbräde och flyttar pjäserna med långsiktig blick. Om någon i ledningsgruppen ifrågasätter en investering har Strategen redan tre framtidsscenarier i bakfickan.;Modellerade tre finansieringsstrukturer för en stadsdelsutveckling — alla tre antogs av styrelsen, en valdes;Föreslog uppdelning av portföljen i två bolag tre år innan branschen följde efter;Konstruerade ett hybridlån som öppnade investeringsdörren på 1,4 mdr när banken hade stängt;Designade en avkastningsmodell som fortfarande används av bolagets investerargrupp;#7A2020;#7A2020;C:\Users\niklas.sviden\OneDrive - Åke Sundvalls Byggnads AB\SPELET 2\Bilder\Skapade bilder\CFO Strategen.png;#7A2020;#FCF6EF
M17;Skogskanten Stadsdel AB;CFO;Fanny Åkerström;Fanny;fanny.akerstrom@akesundvall.se;C:\Users\niklas.sviden\OneDrive - Åke Sundvalls Byggnads AB\SPELET 2\Bilder\Skapade bilder\Dotterbolag Skogskanten Stadsdel AB.png;CFO-3;Vakthunden;Riskhantering;1;-;-;2;-;1;Försiktigheten på två ben. Säger nej oftare än ja och har elva worst-case-scenarier i varje föredragning. Räddar bolaget från det som aldrig händer - vilket är problemet, för man får aldrig veta hur många kriser som faktiskt undveks.;Avrådde från ett markförvärv tre månader före räntechocken — sparade bolaget uppskattningsvis 110 mkr;Implementerade ett scenarioarbete styrelsen nu kräver för varje förvärv över 50 mkr;Fick valutakursförsäkring på plats två veckor före kronfallet — inte tur, det stod i excelmodellen;Identifierade en juridisk svaghet i ett markköpsavtal som hade kunnat kosta bolaget hela investeringen;#7A2020;#7A2020;C:\Users\niklas.sviden\OneDrive - Åke Sundvalls Byggnads AB\SPELET 2\Bilder\Skapade bilder\CFO Vakthunden.png;#7A2020;#FCF6EF
M17;Skogskanten Stadsdel AB;CFO;Fanny Åkerström;Fanny;fanny.akerstrom@akesundvall.se;C:\Users\niklas.sviden\OneDrive - Åke Sundvalls Byggnads AB\SPELET 2\Bilder\Skapade bilder\Dotterbolag Skogskanten Stadsdel AB.png;CFO-4;Statistikern;Modern controlling;-;1;-;1;2;-;Ekonomi i realtid på en dashboard som uppdateras varje natt klockan tre. Drar in BI-verktyg där andra fortfarande mejlar Excel-filer. Bygger framtidens controlling - så länge du står ut med entusiastiska föredragningar om datakvalitet.;Byggde en BI-plattform som gav projektmarginalsiffror i realtid — inte två månader senare;Implementerade rullande prognoser med scenarioanalys på fem variabler — styrelsen läser dem först av allt;Konsoliderade 12 olika excel-modeller till en enda Power BI-instans;Fick controllers från fyra dotterbolag att rapportera i samma datamodell — det tog ett år, men nu rullar det;#7A2020;#7A2020;C:\Users\niklas.sviden\OneDrive - Åke Sundvalls Byggnads AB\SPELET 2\Bilder\Skapade bilder\CFO Statistikern.png;#7A2020;#FCF6EF
M17;Skogskanten Stadsdel AB;CFO;Fanny Åkerström;Fanny;fanny.akerstrom@akesundvall.se;C:\Users\niklas.sviden\OneDrive - Åke Sundvalls Byggnads AB\SPELET 2\Bilder\Skapade bilder\Dotterbolag Skogskanten Stadsdel AB.png;CFO-5;Berättaren;Investerar- & styrelsekommunikation;1;2;-;1;-;-;Förvandlar delårsrapporten från siffersoppa till berättelse. Styrelsen lyssnar, banken nickar, ägarna sover gott. Tar tid från detaljarbetet - men en CFO som kan kommunicera är värd flera procentenheter i förtroendekapital.;Skrev om årsredovisningen så att bankens kreditkommitté hörde av sig och bad hen komma och föreläsa;Höll emissionen lugn medan två konkurrenter pausade sina — investerarberättelsen höll;Fick en ovillig styrelseledamot att rösta för en kontroversiell investering med en enda slidesammanställning;Etablerade ett kvartalsformat för ägarkommunikation som inte ändrats på fem år — för att det fungerar;#7A2020;#7A2020;C:\Users\niklas.sviden\OneDrive - Åke Sundvalls Byggnads AB\SPELET 2\Bilder\Skapade bilder\CFO Berättaren.png;#7A2020;#FCF6EF
M17;Skogskanten Stadsdel AB;CFO;Fanny Åkerström;Fanny;fanny.akerstrom@akesundvall.se;C:\Users\niklas.sviden\OneDrive - Åke Sundvalls Byggnads AB\SPELET 2\Bilder\Skapade bilder\Dotterbolag Skogskanten Stadsdel AB.png;CFO-6;Skattmästaren;Klassisk ekonomi;2;-;-;2;-;-;Trettio år i samma stol och har bokfört allt själv minst en gång. Stenhård budgetdisciplin, järnkoll på balansräkningen, traditionellt och ologiskt enkelt. Modern teknik är något andra får leka med - skattmästaren räknar för hand och stämmer alltid.;Bokslut levererat senast tre veckor efter periodslut — 17 år i rad;Stängde två gamla balansposter ingen vågat röra sedan tidigt 2000-tal;Fick revisorerna att skriva under utan en enda anmärkning fem år i rad;Vägrar adoptera nya redovisningsstandarder förrän de är obligatoriska — och har aldrig haft fel;#7A2020;#7A2020;C:\Users\niklas.sviden\OneDrive - Åke Sundvalls Byggnads AB\SPELET 2\Bilder\Skapade bilder\CFO Skattmästaren.png;#7A2020;#FCF6EF
M18;Skogskanten Stadsdel AB;CEO;Göran Sundvall;Göran;goran.sundvall@akesundvall.se;C:\Users\niklas.sviden\OneDrive - Åke Sundvalls Byggnads AB\SPELET 2\Bilder\Skapade bilder\Dotterbolag Skogskanten Stadsdel AB.png;CEO-1;Skepparen;Vision & strategi;2;1;-;-;1;-;Står på berget och pekar. När alla andra ser molnen ser Riktningsgivaren horisonten. Stark hand på rodret och en gnista nytänkande - men frågar du om kvartalsbokslutet kommer det vara någon annan som svarar.;"Lade fram femårsstrategin ""Vägen mot 5000 lägenheter"" — antagen av styrelsen efter en eftermiddag";Vände bolagets riktning mot mixed-use efter en kaffe med kommunalrådet;Övertygade ägarna att avveckla logistikportföljen två år innan marknaden vände;Etablerade samarbete med internationellt arkitektkontor som ingen i branschen kände till;#7A2020;#7A2020;C:\Users\niklas.sviden\OneDrive - Åke Sundvalls Byggnads AB\SPELET 2\Bilder\Skapade bilder\CEO Skepparen.png;#7A2020;#FCF6EF
M18;Skogskanten Stadsdel AB;CEO;Göran Sundvall;Göran;goran.sundvall@akesundvall.se;C:\Users\niklas.sviden\OneDrive - Åke Sundvalls Byggnads AB\SPELET 2\Bilder\Skapade bilder\Dotterbolag Skogskanten Stadsdel AB.png;CEO-2;Förhandlaren;Affärer & relationer;1;2;1;-;-;-;Stänger affärer på bakplanet av en lunch och hinner samtidigt komma ihåg din frus namn. Skickligast i rummet på att få ett ja - men det betyder också att kalendern ofta gungar och detaljerna lämnas till någon annan.;Stängde markförvärvet i Norra Hamnen tre veckor före konkurrenten — handslag, papper sen;Förhandlade upp markpriset 9 % efter en gemensam middag;Räddade ett dröjande JV-avtal med ett samtal till ordförandens fru;Drev fyra parallella förhandlingar under en och samma kvartalspresentation;#7A2020;#7A2020;C:\Users\niklas.sviden\OneDrive - Åke Sundvalls Byggnads AB\SPELET 2\Bilder\Skapade bilder\CEO Förhandlaren.png;#7A2020;#FCF6EF
M18;Skogskanten Stadsdel AB;CEO;Göran Sundvall;Göran;goran.sundvall@akesundvall.se;C:\Users\niklas.sviden\OneDrive - Åke Sundvalls Byggnads AB\SPELET 2\Bilder\Skapade bilder\Dotterbolag Skogskanten Stadsdel AB.png;CEO-3;Värden;Företagskultur;1;1;-;-;-;2;Tror på att kulturen är hela husgrunden. Bygger ett bolag där folk vill stanna kvar - hög lojalitet, låg sjukfrånvaro, stabilt fundament. Tempot är mjukare och de hårda affärsbesluten kan dröja, men ingen blir kvarglömd på vägen.;Sänkte sjukfrånvaron från 8 % till 3 % på två år;Byggde mentorprogram som nu har tre års kö;Stoppade en redan annonserad omorganisation efter att ha läst stämningen rätt;"Tog hem ""Årets arbetsgivare"" samma år som bolaget gjorde sin lägsta marginal någonsin";#7A2020;#7A2020;C:\Users\niklas.sviden\OneDrive - Åke Sundvalls Byggnads AB\SPELET 2\Bilder\Skapade bilder\CEO Värden.png;#7A2020;#FCF6EF
M18;Skogskanten Stadsdel AB;CEO;Göran Sundvall;Göran;goran.sundvall@akesundvall.se;C:\Users\niklas.sviden\OneDrive - Åke Sundvalls Byggnads AB\SPELET 2\Bilder\Skapade bilder\Dotterbolag Skogskanten Stadsdel AB.png;CEO-4;Profilen;Profil & opinionsbildning;1;2;-;-;1;-;Talar i Almedalen, sitter i panel på Business Arena, citeras i DI varje torsdag. Sätter bolaget på kartan och drar nya kunder med ett tonfall - men huset hemma ska helst sköta sig självt under tiden.;Talade på tre rikstäckande paneler under samma vecka — tre olika budskap, alla väl mottagna;Citerades 47 gånger i Dagens Industri under ett år;Fick stadens kommunalråd att lyfta bolagets vision i nyårstalet;Lanserade en hashtag som tog över byggbranschen i sex månader;#7A2020;#7A2020;C:\Users\niklas.sviden\OneDrive - Åke Sundvalls Byggnads AB\SPELET 2\Bilder\Skapade bilder\CEO Profilen.png;#7A2020;#FCF6EF
M18;Skogskanten Stadsdel AB;CEO;Göran Sundvall;Göran;goran.sundvall@akesundvall.se;C:\Users\niklas.sviden\OneDrive - Åke Sundvalls Byggnads AB\SPELET 2\Bilder\Skapade bilder\Dotterbolag Skogskanten Stadsdel AB.png;CEO-5;Klippan;Krisledarskap;2;-;-;1;-;1;När larmet går blir alla lugnare bara av att se Klippan sätta sig vid bordet. Trygghet på riktigt, ordning i kaos och blick för säkerhet - men tystlåten i medvind, sällan den som tänder festen.;Höll bolaget samlat under huvudentreprenörens konkurs — inga uppsägningar, inga försenade etapper;Ledde insatsen efter översvämningen — alla uthyrda lägenheter bebodda igen inom åtta veckor;Tog över ledningen under förra VD:ns sjukskrivning utan att någon utomstående märkte;Hanterade en arbetsplatsolycka på ett sätt facket sedan höll fram som modellexempel;#7A2020;#7A2020;C:\Users\niklas.sviden\OneDrive - Åke Sundvalls Byggnads AB\SPELET 2\Bilder\Skapade bilder\CEO Klippan.png;#7A2020;#FCF6EF
M18;Skogskanten Stadsdel AB;CEO;Göran Sundvall;Göran;goran.sundvall@akesundvall.se;C:\Users\niklas.sviden\OneDrive - Åke Sundvalls Byggnads AB\SPELET 2\Bilder\Skapade bilder\Dotterbolag Skogskanten Stadsdel AB.png;CEO-6;Medlaren;Inkluderande ledarskap;1;1;2;-;-;-;Kallar in alla, lyssnar på alla, får alla med på båten. Beslut förankras stenhårt och ingen stångar emot på vägen ut ur rummet. Priset är att processen tar tid - och den första att bli otålig är konkurrenten.;Fick fyra disparata JV-partners att enas om gemensam utvecklingsplan på två workshops;Förenade två sammanslagna ledningsgrupper utan att en enda chef sa upp sig;Tog en kontroversiell omorganisation i mål efter ett halvårs förankring — inga interna utspel;Förhandlade fram en ny entreprenadmodell som både byggherre och entreprenör vill prata om publikt;#7A2020;#7A2020;C:\Users\niklas.sviden\OneDrive - Åke Sundvalls Byggnads AB\SPELET 2\Bilder\Skapade bilder\CEO Medlaren.png;#7A2020;#FCF6EF
M26;Skogskanten Stadsdel AB;COO;Lotta Areskär;Lotta;lotta.areskar@akesundvall.se;C:\Users\niklas.sviden\OneDrive - Åke Sundvalls Byggnads AB\SPELET 2\Bilder\Skapade bilder\Dotterbolag Skogskanten Stadsdel AB.png;COO-1;Urmakaren;Drift & flöden;-;-;2;2;-;-;Får hjulen att snurra utan att någon märker hur. Allt flyter, alla deadlines hålls, leveransen kommer innan kunden ringt. Tar inte plats i rampljuset - men slutar Maskinrumsmästaren komma till jobbet stannar tåget på dag tre.;Optimerade leveransflödet på 14 byggprojekt — sänkte stilleståndstid med 22 %;Designade ett produktionsflöde där varje vecka börjar och slutar likadant;Halverade tiden från upphandling till spaden i jorden genom standardisering;Bytte till just-in-time-leverans på fönster och dörrar — ingen byggplats har klagat sedan;#7A2020;#7A2020;C:\Users\niklas.sviden\OneDrive - Åke Sundvalls Byggnads AB\SPELET 2\Bilder\Skapade bilder\COO Urmakaren.png;#7A2020;#FCF6EF
M26;Skogskanten Stadsdel AB;COO;Lotta Areskär;Lotta;lotta.areskar@akesundvall.se;C:\Users\niklas.sviden\OneDrive - Åke Sundvalls Byggnads AB\SPELET 2\Bilder\Skapade bilder\Dotterbolag Skogskanten Stadsdel AB.png;COO-2;Förmannen;Människor & miljö;-;1;1;-;-;2;Pratar med snickaren först och vd:n sist. Kör runt med kaffe och fångar upp signaler innan de blir konflikter. Lojaliteten i organisationen är skyhög - men styrelsen efterlyser ibland mer hårda siffror i föredragningarna.;Höll personalomsättningen under 4 % i fem år;Stoppade en arbetsmiljöincident som var på väg att bli allvarlig — dagen före;Fick byggarbetsplatserna att rapportera fler tillbud än någonsin tidigare — utan att någon kände sig påhoppad;"Drev igenom heta arbetstillstånd även där ""alla redan visste""";#7A2020;#7A2020;C:\Users\niklas.sviden\OneDrive - Åke Sundvalls Byggnads AB\SPELET 2\Bilder\Skapade bilder\COO Förmannen.png;#7A2020;#FCF6EF
M26;Skogskanten Stadsdel AB;COO;Lotta Areskär;Lotta;lotta.areskar@akesundvall.se;C:\Users\niklas.sviden\OneDrive - Åke Sundvalls Byggnads AB\SPELET 2\Bilder\Skapade bilder\Dotterbolag Skogskanten Stadsdel AB.png;COO-3;Generalen;Hård leverans;2;-;1;1;-;-;Säger nej oftare än ja och betyder det varje gång. Leveranserna kommer i tid, budgeten håller, ursäkterna saknas. Briljant i pressade lägen - men öppna hjärtan bygger inte Generalen, det är ABM-rapportens jobb.;Levererade Kvarteret Norra Stenen tre veckor före tidplan — och 9 % under budget;Bytte underentreprenör tre veckor in i ett projekt utan att tappa fart;Skickade tillbaka 23 ton armering med ord ingen i ledningen vill upprepa;Höll alla 11 milstolpar på sju parallella projekt under det år som mest gick fel i branschen;#7A2020;#7A2020;C:\Users\niklas.sviden\OneDrive - Åke Sundvalls Byggnads AB\SPELET 2\Bilder\Skapade bilder\COO Generalen.png;#7A2020;#FCF6EF
M26;Skogskanten Stadsdel AB;COO;Lotta Areskär;Lotta;lotta.areskar@akesundvall.se;C:\Users\niklas.sviden\OneDrive - Åke Sundvalls Byggnads AB\SPELET 2\Bilder\Skapade bilder\Dotterbolag Skogskanten Stadsdel AB.png;COO-4;Pionjären;Digital drift;-;-;1;1;2;-;Pilotar drönare över bygget och bygger om Excel till Power BI på en eftermiddag. Plockar bort minuter ur varje delprocess. Risk är att förändringen blir snabbare än organisationens mage - men det är en lyxoro.;Implementerade BIM på samtliga projekt — sex månader före branschsnittet;Byggde dashboards som ersatte 14 manuella excel-rapporter;Pilotade drönarinventering på två projekt — sparade 600 mantimmar enbart på lägeskontroller;Fick byggarbetsplatserna att skanna leveranskvitton i mobilen — försvunna fakturor: noll på två år;#7A2020;#7A2020;C:\Users\niklas.sviden\OneDrive - Åke Sundvalls Byggnads AB\SPELET 2\Bilder\Skapade bilder\COO Pionjären.png;#7A2020;#FCF6EF
M26;Skogskanten Stadsdel AB;COO;Lotta Areskär;Lotta;lotta.areskar@akesundvall.se;C:\Users\niklas.sviden\OneDrive - Åke Sundvalls Byggnads AB\SPELET 2\Bilder\Skapade bilder\Dotterbolag Skogskanten Stadsdel AB.png;COO-5;Bron;Tvärfunktionell samordning;-;1;2;-;-;1;Tolk mellan kontoret och fältet, mellan ekonomi och produktion, mellan styrelse och stomresare. Får människor som inte talar samma språk att förstå varandra ändå. Den dag Bron har semester ställs sex möten in.;Översatte mellan ekonomi och produktion under en tre månader lång konflikt — de pratar fortfarande;Designade ett samordningsmöte på 30 minuter som ersatte tre möten på sammanlagt fyra timmar;Fick styrelsen och stomresarna att förstå varandras kalendrar efter sju år av missförstånd;Etablerade ett gemensamt språk mellan inköp och projekt som överlevt två organisationsförändringar;#7A2020;#7A2020;C:\Users\niklas.sviden\OneDrive - Åke Sundvalls Byggnads AB\SPELET 2\Bilder\Skapade bilder\COO Bron.png;#7A2020;#FCF6EF
M26;Skogskanten Stadsdel AB;COO;Lotta Areskär;Lotta;lotta.areskar@akesundvall.se;C:\Users\niklas.sviden\OneDrive - Åke Sundvalls Byggnads AB\SPELET 2\Bilder\Skapade bilder\Dotterbolag Skogskanten Stadsdel AB.png;COO-6;Brandsläckaren;Akutoperationer;1;-;-;2;-;1;Står där det brinner och rycker ut innan någon hunnit larma. Detaljkoll, snabb fot, iskall under press. Den långsiktiga planeringen blir ibland lidande - för det dyker alltid upp en ny brand som behöver släckas först.;Hanterade en grävmaskinincident inom 90 minuter — inga personskador, inga försäkringskrav;Ledde övergången efter huvudentreprenörens konkurs en fredag eftermiddag — produktionen rullade på måndagen;Tog över ett projekt två veckor före slutbesiktning som tappat sju nyckelroller;Räddade en kvalitetsavvikelse på 47 lägenheter med en lösning varken arkitekten eller byggherren trott var möjlig;#7A2020;#7A2020;C:\Users\niklas.sviden\OneDrive - Åke Sundvalls Byggnads AB\SPELET 2\Bilder\Skapade bilder\COO Brandsläckaren.png;#7A2020;#FCF6EF
M16;Snöstranden Etapp 3;CFO;Esra Özuer;Esra;esra.ozuer@akesundvall.se;C:\Users\niklas.sviden\OneDrive - Åke Sundvalls Byggnads AB\SPELET 2\Bilder\Skapade bilder\Dotterbolag Snöstranden Etapp 3.png;CFO-1;Rödpennan;Detaljerad ekonomi;1;-;1;2;-;-;Hittar tolvkronan i en hundramiljonersbudget och ringer dig om den klockan halv åtta på en torsdag. Inget passerar oupptäckt. Mindre lustig att sitta bredvid på en projektgenomgång - men kostnadskontrollen är kompromisslös.;Hittade en felaktig periodisering som kostat bolaget 4,2 mkr om året i tio år;Granskade 17 leverantörsavtal in i minsta detalj och förhandlade ner snittpriset 6,3 %;Implementerade kostnadsuppföljning per arbetspaket på alla projekt — projektcheferna grät de första två månaderna;Avslöjade ett mönster i ÄTA-arbeten som ledde till en tvist bolaget sedan vann;#7A2020;#7A2020;C:\Users\niklas.sviden\OneDrive - Åke Sundvalls Byggnads AB\SPELET 2\Bilder\Skapade bilder\CFO Rödpennan.png;#7A2020;#FCF6EF
M16;Snöstranden Etapp 3;CFO;Esra Özuer;Esra;esra.ozuer@akesundvall.se;C:\Users\niklas.sviden\OneDrive - Åke Sundvalls Byggnads AB\SPELET 2\Bilder\Skapade bilder\Dotterbolag Snöstranden Etapp 3.png;CFO-2;Strategen;Affärsstrategisk ekonomi;2;1;-;1;-;-;Räknar inte bara - bygger affärsmodellen från grunden. Ser portföljen som ett schackbräde och flyttar pjäserna med långsiktig blick. Om någon i ledningsgruppen ifrågasätter en investering har Strategen redan tre framtidsscenarier i bakfickan.;Modellerade tre finansieringsstrukturer för en stadsdelsutveckling — alla tre antogs av styrelsen, en valdes;Föreslog uppdelning av portföljen i två bolag tre år innan branschen följde efter;Konstruerade ett hybridlån som öppnade investeringsdörren på 1,4 mdr när banken hade stängt;Designade en avkastningsmodell som fortfarande används av bolagets investerargrupp;#7A2020;#7A2020;C:\Users\niklas.sviden\OneDrive - Åke Sundvalls Byggnads AB\SPELET 2\Bilder\Skapade bilder\CFO Strategen.png;#7A2020;#FCF6EF
M16;Snöstranden Etapp 3;CFO;Esra Özuer;Esra;esra.ozuer@akesundvall.se;C:\Users\niklas.sviden\OneDrive - Åke Sundvalls Byggnads AB\SPELET 2\Bilder\Skapade bilder\Dotterbolag Snöstranden Etapp 3.png;CFO-3;Vakthunden;Riskhantering;1;-;-;2;-;1;Försiktigheten på två ben. Säger nej oftare än ja och har elva worst-case-scenarier i varje föredragning. Räddar bolaget från det som aldrig händer - vilket är problemet, för man får aldrig veta hur många kriser som faktiskt undveks.;Avrådde från ett markförvärv tre månader före räntechocken — sparade bolaget uppskattningsvis 110 mkr;Implementerade ett scenarioarbete styrelsen nu kräver för varje förvärv över 50 mkr;Fick valutakursförsäkring på plats två veckor före kronfallet — inte tur, det stod i excelmodellen;Identifierade en juridisk svaghet i ett markköpsavtal som hade kunnat kosta bolaget hela investeringen;#7A2020;#7A2020;C:\Users\niklas.sviden\OneDrive - Åke Sundvalls Byggnads AB\SPELET 2\Bilder\Skapade bilder\CFO Vakthunden.png;#7A2020;#FCF6EF
M16;Snöstranden Etapp 3;CFO;Esra Özuer;Esra;esra.ozuer@akesundvall.se;C:\Users\niklas.sviden\OneDrive - Åke Sundvalls Byggnads AB\SPELET 2\Bilder\Skapade bilder\Dotterbolag Snöstranden Etapp 3.png;CFO-4;Statistikern;Modern controlling;-;1;-;1;2;-;Ekonomi i realtid på en dashboard som uppdateras varje natt klockan tre. Drar in BI-verktyg där andra fortfarande mejlar Excel-filer. Bygger framtidens controlling - så länge du står ut med entusiastiska föredragningar om datakvalitet.;Byggde en BI-plattform som gav projektmarginalsiffror i realtid — inte två månader senare;Implementerade rullande prognoser med scenarioanalys på fem variabler — styrelsen läser dem först av allt;Konsoliderade 12 olika excel-modeller till en enda Power BI-instans;Fick controllers från fyra dotterbolag att rapportera i samma datamodell — det tog ett år, men nu rullar det;#7A2020;#7A2020;C:\Users\niklas.sviden\OneDrive - Åke Sundvalls Byggnads AB\SPELET 2\Bilder\Skapade bilder\CFO Statistikern.png;#7A2020;#FCF6EF
M16;Snöstranden Etapp 3;CFO;Esra Özuer;Esra;esra.ozuer@akesundvall.se;C:\Users\niklas.sviden\OneDrive - Åke Sundvalls Byggnads AB\SPELET 2\Bilder\Skapade bilder\Dotterbolag Snöstranden Etapp 3.png;CFO-5;Berättaren;Investerar- & styrelsekommunikation;1;2;-;1;-;-;Förvandlar delårsrapporten från siffersoppa till berättelse. Styrelsen lyssnar, banken nickar, ägarna sover gott. Tar tid från detaljarbetet - men en CFO som kan kommunicera är värd flera procentenheter i förtroendekapital.;Skrev om årsredovisningen så att bankens kreditkommitté hörde av sig och bad hen komma och föreläsa;Höll emissionen lugn medan två konkurrenter pausade sina — investerarberättelsen höll;Fick en ovillig styrelseledamot att rösta för en kontroversiell investering med en enda slidesammanställning;Etablerade ett kvartalsformat för ägarkommunikation som inte ändrats på fem år — för att det fungerar;#7A2020;#7A2020;C:\Users\niklas.sviden\OneDrive - Åke Sundvalls Byggnads AB\SPELET 2\Bilder\Skapade bilder\CFO Berättaren.png;#7A2020;#FCF6EF
M16;Snöstranden Etapp 3;CFO;Esra Özuer;Esra;esra.ozuer@akesundvall.se;C:\Users\niklas.sviden\OneDrive - Åke Sundvalls Byggnads AB\SPELET 2\Bilder\Skapade bilder\Dotterbolag Snöstranden Etapp 3.png;CFO-6;Skattmästaren;Klassisk ekonomi;2;-;-;2;-;-;Trettio år i samma stol och har bokfört allt själv minst en gång. Stenhård budgetdisciplin, järnkoll på balansräkningen, traditionellt och ologiskt enkelt. Modern teknik är något andra får leka med - skattmästaren räknar för hand och stämmer alltid.;Bokslut levererat senast tre veckor efter periodslut — 17 år i rad;Stängde två gamla balansposter ingen vågat röra sedan tidigt 2000-tal;Fick revisorerna att skriva under utan en enda anmärkning fem år i rad;Vägrar adoptera nya redovisningsstandarder förrän de är obligatoriska — och har aldrig haft fel;#7A2020;#7A2020;C:\Users\niklas.sviden\OneDrive - Åke Sundvalls Byggnads AB\SPELET 2\Bilder\Skapade bilder\CFO Skattmästaren.png;#7A2020;#FCF6EF
M27;Snöstranden Etapp 3;CEO;Magnus Carlsson;Magnus;magnus.carlsson@akesundvall.se;C:\Users\niklas.sviden\OneDrive - Åke Sundvalls Byggnads AB\SPELET 2\Bilder\Skapade bilder\Dotterbolag Snöstranden Etapp 3.png;CEO-1;Skepparen;Vision & strategi;2;1;-;-;1;-;Står på berget och pekar. När alla andra ser molnen ser Riktningsgivaren horisonten. Stark hand på rodret och en gnista nytänkande - men frågar du om kvartalsbokslutet kommer det vara någon annan som svarar.;"Lade fram femårsstrategin ""Vägen mot 5000 lägenheter"" — antagen av styrelsen efter en eftermiddag";Vände bolagets riktning mot mixed-use efter en kaffe med kommunalrådet;Övertygade ägarna att avveckla logistikportföljen två år innan marknaden vände;Etablerade samarbete med internationellt arkitektkontor som ingen i branschen kände till;#7A2020;#7A2020;C:\Users\niklas.sviden\OneDrive - Åke Sundvalls Byggnads AB\SPELET 2\Bilder\Skapade bilder\CEO Skepparen.png;#7A2020;#FCF6EF
M27;Snöstranden Etapp 3;CEO;Magnus Carlsson;Magnus;magnus.carlsson@akesundvall.se;C:\Users\niklas.sviden\OneDrive - Åke Sundvalls Byggnads AB\SPELET 2\Bilder\Skapade bilder\Dotterbolag Snöstranden Etapp 3.png;CEO-2;Förhandlaren;Affärer & relationer;1;2;1;-;-;-;Stänger affärer på bakplanet av en lunch och hinner samtidigt komma ihåg din frus namn. Skickligast i rummet på att få ett ja - men det betyder också att kalendern ofta gungar och detaljerna lämnas till någon annan.;Stängde markförvärvet i Norra Hamnen tre veckor före konkurrenten — handslag, papper sen;Förhandlade upp markpriset 9 % efter en gemensam middag;Räddade ett dröjande JV-avtal med ett samtal till ordförandens fru;Drev fyra parallella förhandlingar under en och samma kvartalspresentation;#7A2020;#7A2020;C:\Users\niklas.sviden\OneDrive - Åke Sundvalls Byggnads AB\SPELET 2\Bilder\Skapade bilder\CEO Förhandlaren.png;#7A2020;#FCF6EF
M27;Snöstranden Etapp 3;CEO;Magnus Carlsson;Magnus;magnus.carlsson@akesundvall.se;C:\Users\niklas.sviden\OneDrive - Åke Sundvalls Byggnads AB\SPELET 2\Bilder\Skapade bilder\Dotterbolag Snöstranden Etapp 3.png;CEO-3;Värden;Företagskultur;1;1;-;-;-;2;Tror på att kulturen är hela husgrunden. Bygger ett bolag där folk vill stanna kvar - hög lojalitet, låg sjukfrånvaro, stabilt fundament. Tempot är mjukare och de hårda affärsbesluten kan dröja, men ingen blir kvarglömd på vägen.;Sänkte sjukfrånvaron från 8 % till 3 % på två år;Byggde mentorprogram som nu har tre års kö;Stoppade en redan annonserad omorganisation efter att ha läst stämningen rätt;"Tog hem ""Årets arbetsgivare"" samma år som bolaget gjorde sin lägsta marginal någonsin";#7A2020;#7A2020;C:\Users\niklas.sviden\OneDrive - Åke Sundvalls Byggnads AB\SPELET 2\Bilder\Skapade bilder\CEO Värden.png;#7A2020;#FCF6EF
M27;Snöstranden Etapp 3;CEO;Magnus Carlsson;Magnus;magnus.carlsson@akesundvall.se;C:\Users\niklas.sviden\OneDrive - Åke Sundvalls Byggnads AB\SPELET 2\Bilder\Skapade bilder\Dotterbolag Snöstranden Etapp 3.png;CEO-4;Profilen;Profil & opinionsbildning;1;2;-;-;1;-;Talar i Almedalen, sitter i panel på Business Arena, citeras i DI varje torsdag. Sätter bolaget på kartan och drar nya kunder med ett tonfall - men huset hemma ska helst sköta sig självt under tiden.;Talade på tre rikstäckande paneler under samma vecka — tre olika budskap, alla väl mottagna;Citerades 47 gånger i Dagens Industri under ett år;Fick stadens kommunalråd att lyfta bolagets vision i nyårstalet;Lanserade en hashtag som tog över byggbranschen i sex månader;#7A2020;#7A2020;C:\Users\niklas.sviden\OneDrive - Åke Sundvalls Byggnads AB\SPELET 2\Bilder\Skapade bilder\CEO Profilen.png;#7A2020;#FCF6EF
M27;Snöstranden Etapp 3;CEO;Magnus Carlsson;Magnus;magnus.carlsson@akesundvall.se;C:\Users\niklas.sviden\OneDrive - Åke Sundvalls Byggnads AB\SPELET 2\Bilder\Skapade bilder\Dotterbolag Snöstranden Etapp 3.png;CEO-5;Klippan;Krisledarskap;2;-;-;1;-;1;När larmet går blir alla lugnare bara av att se Klippan sätta sig vid bordet. Trygghet på riktigt, ordning i kaos och blick för säkerhet - men tystlåten i medvind, sällan den som tänder festen.;Höll bolaget samlat under huvudentreprenörens konkurs — inga uppsägningar, inga försenade etapper;Ledde insatsen efter översvämningen — alla uthyrda lägenheter bebodda igen inom åtta veckor;Tog över ledningen under förra VD:ns sjukskrivning utan att någon utomstående märkte;Hanterade en arbetsplatsolycka på ett sätt facket sedan höll fram som modellexempel;#7A2020;#7A2020;C:\Users\niklas.sviden\OneDrive - Åke Sundvalls Byggnads AB\SPELET 2\Bilder\Skapade bilder\CEO Klippan.png;#7A2020;#FCF6EF
M27;Snöstranden Etapp 3;CEO;Magnus Carlsson;Magnus;magnus.carlsson@akesundvall.se;C:\Users\niklas.sviden\OneDrive - Åke Sundvalls Byggnads AB\SPELET 2\Bilder\Skapade bilder\Dotterbolag Snöstranden Etapp 3.png;CEO-6;Medlaren;Inkluderande ledarskap;1;1;2;-;-;-;Kallar in alla, lyssnar på alla, får alla med på båten. Beslut förankras stenhårt och ingen stångar emot på vägen ut ur rummet. Priset är att processen tar tid - och den första att bli otålig är konkurrenten.;Fick fyra disparata JV-partners att enas om gemensam utvecklingsplan på två workshops;Förenade två sammanslagna ledningsgrupper utan att en enda chef sa upp sig;Tog en kontroversiell omorganisation i mål efter ett halvårs förankring — inga interna utspel;Förhandlade fram en ny entreprenadmodell som både byggherre och entreprenör vill prata om publikt;#7A2020;#7A2020;C:\Users\niklas.sviden\OneDrive - Åke Sundvalls Byggnads AB\SPELET 2\Bilder\Skapade bilder\CEO Medlaren.png;#7A2020;#FCF6EF
M36;Snöstranden Etapp 3;COO;Ola Eriksson;Ola;ola.eriksson@akesundvall.se;C:\Users\niklas.sviden\OneDrive - Åke Sundvalls Byggnads AB\SPELET 2\Bilder\Skapade bilder\Dotterbolag Snöstranden Etapp 3.png;COO-1;Urmakaren;Drift & flöden;-;-;2;2;-;-;Får hjulen att snurra utan att någon märker hur. Allt flyter, alla deadlines hålls, leveransen kommer innan kunden ringt. Tar inte plats i rampljuset - men slutar Maskinrumsmästaren komma till jobbet stannar tåget på dag tre.;Optimerade leveransflödet på 14 byggprojekt — sänkte stilleståndstid med 22 %;Designade ett produktionsflöde där varje vecka börjar och slutar likadant;Halverade tiden från upphandling till spaden i jorden genom standardisering;Bytte till just-in-time-leverans på fönster och dörrar — ingen byggplats har klagat sedan;#7A2020;#7A2020;C:\Users\niklas.sviden\OneDrive - Åke Sundvalls Byggnads AB\SPELET 2\Bilder\Skapade bilder\COO Urmakaren.png;#7A2020;#FCF6EF
M36;Snöstranden Etapp 3;COO;Ola Eriksson;Ola;ola.eriksson@akesundvall.se;C:\Users\niklas.sviden\OneDrive - Åke Sundvalls Byggnads AB\SPELET 2\Bilder\Skapade bilder\Dotterbolag Snöstranden Etapp 3.png;COO-2;Förmannen;Människor & miljö;-;1;1;-;-;2;Pratar med snickaren först och vd:n sist. Kör runt med kaffe och fångar upp signaler innan de blir konflikter. Lojaliteten i organisationen är skyhög - men styrelsen efterlyser ibland mer hårda siffror i föredragningarna.;Höll personalomsättningen under 4 % i fem år;Stoppade en arbetsmiljöincident som var på väg att bli allvarlig — dagen före;Fick byggarbetsplatserna att rapportera fler tillbud än någonsin tidigare — utan att någon kände sig påhoppad;"Drev igenom heta arbetstillstånd även där ""alla redan visste""";#7A2020;#7A2020;C:\Users\niklas.sviden\OneDrive - Åke Sundvalls Byggnads AB\SPELET 2\Bilder\Skapade bilder\COO Förmannen.png;#7A2020;#FCF6EF
M36;Snöstranden Etapp 3;COO;Ola Eriksson;Ola;ola.eriksson@akesundvall.se;C:\Users\niklas.sviden\OneDrive - Åke Sundvalls Byggnads AB\SPELET 2\Bilder\Skapade bilder\Dotterbolag Snöstranden Etapp 3.png;COO-3;Generalen;Hård leverans;2;-;1;1;-;-;Säger nej oftare än ja och betyder det varje gång. Leveranserna kommer i tid, budgeten håller, ursäkterna saknas. Briljant i pressade lägen - men öppna hjärtan bygger inte Generalen, det är ABM-rapportens jobb.;Levererade Kvarteret Norra Stenen tre veckor före tidplan — och 9 % under budget;Bytte underentreprenör tre veckor in i ett projekt utan att tappa fart;Skickade tillbaka 23 ton armering med ord ingen i ledningen vill upprepa;Höll alla 11 milstolpar på sju parallella projekt under det år som mest gick fel i branschen;#7A2020;#7A2020;C:\Users\niklas.sviden\OneDrive - Åke Sundvalls Byggnads AB\SPELET 2\Bilder\Skapade bilder\COO Generalen.png;#7A2020;#FCF6EF
M36;Snöstranden Etapp 3;COO;Ola Eriksson;Ola;ola.eriksson@akesundvall.se;C:\Users\niklas.sviden\OneDrive - Åke Sundvalls Byggnads AB\SPELET 2\Bilder\Skapade bilder\Dotterbolag Snöstranden Etapp 3.png;COO-4;Pionjären;Digital drift;-;-;1;1;2;-;Pilotar drönare över bygget och bygger om Excel till Power BI på en eftermiddag. Plockar bort minuter ur varje delprocess. Risk är att förändringen blir snabbare än organisationens mage - men det är en lyxoro.;Implementerade BIM på samtliga projekt — sex månader före branschsnittet;Byggde dashboards som ersatte 14 manuella excel-rapporter;Pilotade drönarinventering på två projekt — sparade 600 mantimmar enbart på lägeskontroller;Fick byggarbetsplatserna att skanna leveranskvitton i mobilen — försvunna fakturor: noll på två år;#7A2020;#7A2020;C:\Users\niklas.sviden\OneDrive - Åke Sundvalls Byggnads AB\SPELET 2\Bilder\Skapade bilder\COO Pionjären.png;#7A2020;#FCF6EF
M36;Snöstranden Etapp 3;COO;Ola Eriksson;Ola;ola.eriksson@akesundvall.se;C:\Users\niklas.sviden\OneDrive - Åke Sundvalls Byggnads AB\SPELET 2\Bilder\Skapade bilder\Dotterbolag Snöstranden Etapp 3.png;COO-5;Bron;Tvärfunktionell samordning;-;1;2;-;-;1;Tolk mellan kontoret och fältet, mellan ekonomi och produktion, mellan styrelse och stomresare. Får människor som inte talar samma språk att förstå varandra ändå. Den dag Bron har semester ställs sex möten in.;Översatte mellan ekonomi och produktion under en tre månader lång konflikt — de pratar fortfarande;Designade ett samordningsmöte på 30 minuter som ersatte tre möten på sammanlagt fyra timmar;Fick styrelsen och stomresarna att förstå varandras kalendrar efter sju år av missförstånd;Etablerade ett gemensamt språk mellan inköp och projekt som överlevt två organisationsförändringar;#7A2020;#7A2020;C:\Users\niklas.sviden\OneDrive - Åke Sundvalls Byggnads AB\SPELET 2\Bilder\Skapade bilder\COO Bron.png;#7A2020;#FCF6EF
M36;Snöstranden Etapp 3;COO;Ola Eriksson;Ola;ola.eriksson@akesundvall.se;C:\Users\niklas.sviden\OneDrive - Åke Sundvalls Byggnads AB\SPELET 2\Bilder\Skapade bilder\Dotterbolag Snöstranden Etapp 3.png;COO-6;Brandsläckaren;Akutoperationer;1;-;-;2;-;1;Står där det brinner och rycker ut innan någon hunnit larma. Detaljkoll, snabb fot, iskall under press. Den långsiktiga planeringen blir ibland lidande - för det dyker alltid upp en ny brand som behöver släckas först.;Hanterade en grävmaskinincident inom 90 minuter — inga personskador, inga försäkringskrav;Ledde övergången efter huvudentreprenörens konkurs en fredag eftermiddag — produktionen rullade på måndagen;Tog över ett projekt två veckor före slutbesiktning som tappat sju nyckelroller;Räddade en kvalitetsavvikelse på 47 lägenheter med en lösning varken arkitekten eller byggherren trott var möjlig;#7A2020;#7A2020;C:\Users\niklas.sviden\OneDrive - Åke Sundvalls Byggnads AB\SPELET 2\Bilder\Skapade bilder\COO Brandsläckaren.png;#7A2020;#FCF6EF
M23;Stilkvarteret Utveckling;COO;Joakim Jonasson;Joakim;joakim.jonasson@akesundvall.se;C:\Users\niklas.sviden\OneDrive - Åke Sundvalls Byggnads AB\SPELET 2\Bilder\Skapade bilder\Dotterbolag Stilkvarteret Utveckling.png;COO-1;Urmakaren;Drift & flöden;-;-;2;2;-;-;Får hjulen att snurra utan att någon märker hur. Allt flyter, alla deadlines hålls, leveransen kommer innan kunden ringt. Tar inte plats i rampljuset - men slutar Maskinrumsmästaren komma till jobbet stannar tåget på dag tre.;Optimerade leveransflödet på 14 byggprojekt — sänkte stilleståndstid med 22 %;Designade ett produktionsflöde där varje vecka börjar och slutar likadant;Halverade tiden från upphandling till spaden i jorden genom standardisering;Bytte till just-in-time-leverans på fönster och dörrar — ingen byggplats har klagat sedan;#7A2020;#7A2020;C:\Users\niklas.sviden\OneDrive - Åke Sundvalls Byggnads AB\SPELET 2\Bilder\Skapade bilder\COO Urmakaren.png;#7A2020;#FCF6EF
M23;Stilkvarteret Utveckling;COO;Joakim Jonasson;Joakim;joakim.jonasson@akesundvall.se;C:\Users\niklas.sviden\OneDrive - Åke Sundvalls Byggnads AB\SPELET 2\Bilder\Skapade bilder\Dotterbolag Stilkvarteret Utveckling.png;COO-2;Förmannen;Människor & miljö;-;1;1;-;-;2;Pratar med snickaren först och vd:n sist. Kör runt med kaffe och fångar upp signaler innan de blir konflikter. Lojaliteten i organisationen är skyhög - men styrelsen efterlyser ibland mer hårda siffror i föredragningarna.;Höll personalomsättningen under 4 % i fem år;Stoppade en arbetsmiljöincident som var på väg att bli allvarlig — dagen före;Fick byggarbetsplatserna att rapportera fler tillbud än någonsin tidigare — utan att någon kände sig påhoppad;"Drev igenom heta arbetstillstånd även där ""alla redan visste""";#7A2020;#7A2020;C:\Users\niklas.sviden\OneDrive - Åke Sundvalls Byggnads AB\SPELET 2\Bilder\Skapade bilder\COO Förmannen.png;#7A2020;#FCF6EF
M23;Stilkvarteret Utveckling;COO;Joakim Jonasson;Joakim;joakim.jonasson@akesundvall.se;C:\Users\niklas.sviden\OneDrive - Åke Sundvalls Byggnads AB\SPELET 2\Bilder\Skapade bilder\Dotterbolag Stilkvarteret Utveckling.png;COO-3;Generalen;Hård leverans;2;-;1;1;-;-;Säger nej oftare än ja och betyder det varje gång. Leveranserna kommer i tid, budgeten håller, ursäkterna saknas. Briljant i pressade lägen - men öppna hjärtan bygger inte Generalen, det är ABM-rapportens jobb.;Levererade Kvarteret Norra Stenen tre veckor före tidplan — och 9 % under budget;Bytte underentreprenör tre veckor in i ett projekt utan att tappa fart;Skickade tillbaka 23 ton armering med ord ingen i ledningen vill upprepa;Höll alla 11 milstolpar på sju parallella projekt under det år som mest gick fel i branschen;#7A2020;#7A2020;C:\Users\niklas.sviden\OneDrive - Åke Sundvalls Byggnads AB\SPELET 2\Bilder\Skapade bilder\COO Generalen.png;#7A2020;#FCF6EF
M23;Stilkvarteret Utveckling;COO;Joakim Jonasson;Joakim;joakim.jonasson@akesundvall.se;C:\Users\niklas.sviden\OneDrive - Åke Sundvalls Byggnads AB\SPELET 2\Bilder\Skapade bilder\Dotterbolag Stilkvarteret Utveckling.png;COO-4;Pionjären;Digital drift;-;-;1;1;2;-;Pilotar drönare över bygget och bygger om Excel till Power BI på en eftermiddag. Plockar bort minuter ur varje delprocess. Risk är att förändringen blir snabbare än organisationens mage - men det är en lyxoro.;Implementerade BIM på samtliga projekt — sex månader före branschsnittet;Byggde dashboards som ersatte 14 manuella excel-rapporter;Pilotade drönarinventering på två projekt — sparade 600 mantimmar enbart på lägeskontroller;Fick byggarbetsplatserna att skanna leveranskvitton i mobilen — försvunna fakturor: noll på två år;#7A2020;#7A2020;C:\Users\niklas.sviden\OneDrive - Åke Sundvalls Byggnads AB\SPELET 2\Bilder\Skapade bilder\COO Pionjären.png;#7A2020;#FCF6EF
M23;Stilkvarteret Utveckling;COO;Joakim Jonasson;Joakim;joakim.jonasson@akesundvall.se;C:\Users\niklas.sviden\OneDrive - Åke Sundvalls Byggnads AB\SPELET 2\Bilder\Skapade bilder\Dotterbolag Stilkvarteret Utveckling.png;COO-5;Bron;Tvärfunktionell samordning;-;1;2;-;-;1;Tolk mellan kontoret och fältet, mellan ekonomi och produktion, mellan styrelse och stomresare. Får människor som inte talar samma språk att förstå varandra ändå. Den dag Bron har semester ställs sex möten in.;Översatte mellan ekonomi och produktion under en tre månader lång konflikt — de pratar fortfarande;Designade ett samordningsmöte på 30 minuter som ersatte tre möten på sammanlagt fyra timmar;Fick styrelsen och stomresarna att förstå varandras kalendrar efter sju år av missförstånd;Etablerade ett gemensamt språk mellan inköp och projekt som överlevt två organisationsförändringar;#7A2020;#7A2020;C:\Users\niklas.sviden\OneDrive - Åke Sundvalls Byggnads AB\SPELET 2\Bilder\Skapade bilder\COO Bron.png;#7A2020;#FCF6EF
M23;Stilkvarteret Utveckling;COO;Joakim Jonasson;Joakim;joakim.jonasson@akesundvall.se;C:\Users\niklas.sviden\OneDrive - Åke Sundvalls Byggnads AB\SPELET 2\Bilder\Skapade bilder\Dotterbolag Stilkvarteret Utveckling.png;COO-6;Brandsläckaren;Akutoperationer;1;-;-;2;-;1;Står där det brinner och rycker ut innan någon hunnit larma. Detaljkoll, snabb fot, iskall under press. Den långsiktiga planeringen blir ibland lidande - för det dyker alltid upp en ny brand som behöver släckas först.;Hanterade en grävmaskinincident inom 90 minuter — inga personskador, inga försäkringskrav;Ledde övergången efter huvudentreprenörens konkurs en fredag eftermiddag — produktionen rullade på måndagen;Tog över ett projekt två veckor före slutbesiktning som tappat sju nyckelroller;Räddade en kvalitetsavvikelse på 47 lägenheter med en lösning varken arkitekten eller byggherren trott var möjlig;#7A2020;#7A2020;C:\Users\niklas.sviden\OneDrive - Åke Sundvalls Byggnads AB\SPELET 2\Bilder\Skapade bilder\COO Brandsläckaren.png;#7A2020;#FCF6EF
M28;Stilkvarteret Utveckling;CFO;Magnus Ojala;Magnus;magnus.ojala@akesundvall.se;C:\Users\niklas.sviden\OneDrive - Åke Sundvalls Byggnads AB\SPELET 2\Bilder\Skapade bilder\Dotterbolag Stilkvarteret Utveckling.png;CFO-1;Rödpennan;Detaljerad ekonomi;1;-;1;2;-;-;Hittar tolvkronan i en hundramiljonersbudget och ringer dig om den klockan halv åtta på en torsdag. Inget passerar oupptäckt. Mindre lustig att sitta bredvid på en projektgenomgång - men kostnadskontrollen är kompromisslös.;Hittade en felaktig periodisering som kostat bolaget 4,2 mkr om året i tio år;Granskade 17 leverantörsavtal in i minsta detalj och förhandlade ner snittpriset 6,3 %;Implementerade kostnadsuppföljning per arbetspaket på alla projekt — projektcheferna grät de första två månaderna;Avslöjade ett mönster i ÄTA-arbeten som ledde till en tvist bolaget sedan vann;#7A2020;#7A2020;C:\Users\niklas.sviden\OneDrive - Åke Sundvalls Byggnads AB\SPELET 2\Bilder\Skapade bilder\CFO Rödpennan.png;#7A2020;#FCF6EF
M28;Stilkvarteret Utveckling;CFO;Magnus Ojala;Magnus;magnus.ojala@akesundvall.se;C:\Users\niklas.sviden\OneDrive - Åke Sundvalls Byggnads AB\SPELET 2\Bilder\Skapade bilder\Dotterbolag Stilkvarteret Utveckling.png;CFO-2;Strategen;Affärsstrategisk ekonomi;2;1;-;1;-;-;Räknar inte bara - bygger affärsmodellen från grunden. Ser portföljen som ett schackbräde och flyttar pjäserna med långsiktig blick. Om någon i ledningsgruppen ifrågasätter en investering har Strategen redan tre framtidsscenarier i bakfickan.;Modellerade tre finansieringsstrukturer för en stadsdelsutveckling — alla tre antogs av styrelsen, en valdes;Föreslog uppdelning av portföljen i två bolag tre år innan branschen följde efter;Konstruerade ett hybridlån som öppnade investeringsdörren på 1,4 mdr när banken hade stängt;Designade en avkastningsmodell som fortfarande används av bolagets investerargrupp;#7A2020;#7A2020;C:\Users\niklas.sviden\OneDrive - Åke Sundvalls Byggnads AB\SPELET 2\Bilder\Skapade bilder\CFO Strategen.png;#7A2020;#FCF6EF
M28;Stilkvarteret Utveckling;CFO;Magnus Ojala;Magnus;magnus.ojala@akesundvall.se;C:\Users\niklas.sviden\OneDrive - Åke Sundvalls Byggnads AB\SPELET 2\Bilder\Skapade bilder\Dotterbolag Stilkvarteret Utveckling.png;CFO-3;Vakthunden;Riskhantering;1;-;-;2;-;1;Försiktigheten på två ben. Säger nej oftare än ja och har elva worst-case-scenarier i varje föredragning. Räddar bolaget från det som aldrig händer - vilket är problemet, för man får aldrig veta hur många kriser som faktiskt undveks.;Avrådde från ett markförvärv tre månader före räntechocken — sparade bolaget uppskattningsvis 110 mkr;Implementerade ett scenarioarbete styrelsen nu kräver för varje förvärv över 50 mkr;Fick valutakursförsäkring på plats två veckor före kronfallet — inte tur, det stod i excelmodellen;Identifierade en juridisk svaghet i ett markköpsavtal som hade kunnat kosta bolaget hela investeringen;#7A2020;#7A2020;C:\Users\niklas.sviden\OneDrive - Åke Sundvalls Byggnads AB\SPELET 2\Bilder\Skapade bilder\CFO Vakthunden.png;#7A2020;#FCF6EF
M28;Stilkvarteret Utveckling;CFO;Magnus Ojala;Magnus;magnus.ojala@akesundvall.se;C:\Users\niklas.sviden\OneDrive - Åke Sundvalls Byggnads AB\SPELET 2\Bilder\Skapade bilder\Dotterbolag Stilkvarteret Utveckling.png;CFO-4;Statistikern;Modern controlling;-;1;-;1;2;-;Ekonomi i realtid på en dashboard som uppdateras varje natt klockan tre. Drar in BI-verktyg där andra fortfarande mejlar Excel-filer. Bygger framtidens controlling - så länge du står ut med entusiastiska föredragningar om datakvalitet.;Byggde en BI-plattform som gav projektmarginalsiffror i realtid — inte två månader senare;Implementerade rullande prognoser med scenarioanalys på fem variabler — styrelsen läser dem först av allt;Konsoliderade 12 olika excel-modeller till en enda Power BI-instans;Fick controllers från fyra dotterbolag att rapportera i samma datamodell — det tog ett år, men nu rullar det;#7A2020;#7A2020;C:\Users\niklas.sviden\OneDrive - Åke Sundvalls Byggnads AB\SPELET 2\Bilder\Skapade bilder\CFO Statistikern.png;#7A2020;#FCF6EF
M28;Stilkvarteret Utveckling;CFO;Magnus Ojala;Magnus;magnus.ojala@akesundvall.se;C:\Users\niklas.sviden\OneDrive - Åke Sundvalls Byggnads AB\SPELET 2\Bilder\Skapade bilder\Dotterbolag Stilkvarteret Utveckling.png;CFO-5;Berättaren;Investerar- & styrelsekommunikation;1;2;-;1;-;-;Förvandlar delårsrapporten från siffersoppa till berättelse. Styrelsen lyssnar, banken nickar, ägarna sover gott. Tar tid från detaljarbetet - men en CFO som kan kommunicera är värd flera procentenheter i förtroendekapital.;Skrev om årsredovisningen så att bankens kreditkommitté hörde av sig och bad hen komma och föreläsa;Höll emissionen lugn medan två konkurrenter pausade sina — investerarberättelsen höll;Fick en ovillig styrelseledamot att rösta för en kontroversiell investering med en enda slidesammanställning;Etablerade ett kvartalsformat för ägarkommunikation som inte ändrats på fem år — för att det fungerar;#7A2020;#7A2020;C:\Users\niklas.sviden\OneDrive - Åke Sundvalls Byggnads AB\SPELET 2\Bilder\Skapade bilder\CFO Berättaren.png;#7A2020;#FCF6EF
M28;Stilkvarteret Utveckling;CFO;Magnus Ojala;Magnus;magnus.ojala@akesundvall.se;C:\Users\niklas.sviden\OneDrive - Åke Sundvalls Byggnads AB\SPELET 2\Bilder\Skapade bilder\Dotterbolag Stilkvarteret Utveckling.png;CFO-6;Skattmästaren;Klassisk ekonomi;2;-;-;2;-;-;Trettio år i samma stol och har bokfört allt själv minst en gång. Stenhård budgetdisciplin, järnkoll på balansräkningen, traditionellt och ologiskt enkelt. Modern teknik är något andra får leka med - skattmästaren räknar för hand och stämmer alltid.;Bokslut levererat senast tre veckor efter periodslut — 17 år i rad;Stängde två gamla balansposter ingen vågat röra sedan tidigt 2000-tal;Fick revisorerna att skriva under utan en enda anmärkning fem år i rad;Vägrar adoptera nya redovisningsstandarder förrän de är obligatoriska — och har aldrig haft fel;#7A2020;#7A2020;C:\Users\niklas.sviden\OneDrive - Åke Sundvalls Byggnads AB\SPELET 2\Bilder\Skapade bilder\CFO Skattmästaren.png;#7A2020;#FCF6EF
M43;Stilkvarteret Utveckling;CEO;Sarah Segerman;Sarah;sarah.segerman@akesundvall.se;C:\Users\niklas.sviden\OneDrive - Åke Sundvalls Byggnads AB\SPELET 2\Bilder\Skapade bilder\Dotterbolag Stilkvarteret Utveckling.png;CEO-1;Skepparen;Vision & strategi;2;1;-;-;1;-;Står på berget och pekar. När alla andra ser molnen ser Riktningsgivaren horisonten. Stark hand på rodret och en gnista nytänkande - men frågar du om kvartalsbokslutet kommer det vara någon annan som svarar.;"Lade fram femårsstrategin ""Vägen mot 5000 lägenheter"" — antagen av styrelsen efter en eftermiddag";Vände bolagets riktning mot mixed-use efter en kaffe med kommunalrådet;Övertygade ägarna att avveckla logistikportföljen två år innan marknaden vände;Etablerade samarbete med internationellt arkitektkontor som ingen i branschen kände till;#7A2020;#7A2020;C:\Users\niklas.sviden\OneDrive - Åke Sundvalls Byggnads AB\SPELET 2\Bilder\Skapade bilder\CEO Skepparen.png;#7A2020;#FCF6EF
M43;Stilkvarteret Utveckling;CEO;Sarah Segerman;Sarah;sarah.segerman@akesundvall.se;C:\Users\niklas.sviden\OneDrive - Åke Sundvalls Byggnads AB\SPELET 2\Bilder\Skapade bilder\Dotterbolag Stilkvarteret Utveckling.png;CEO-2;Förhandlaren;Affärer & relationer;1;2;1;-;-;-;Stänger affärer på bakplanet av en lunch och hinner samtidigt komma ihåg din frus namn. Skickligast i rummet på att få ett ja - men det betyder också att kalendern ofta gungar och detaljerna lämnas till någon annan.;Stängde markförvärvet i Norra Hamnen tre veckor före konkurrenten — handslag, papper sen;Förhandlade upp markpriset 9 % efter en gemensam middag;Räddade ett dröjande JV-avtal med ett samtal till ordförandens fru;Drev fyra parallella förhandlingar under en och samma kvartalspresentation;#7A2020;#7A2020;C:\Users\niklas.sviden\OneDrive - Åke Sundvalls Byggnads AB\SPELET 2\Bilder\Skapade bilder\CEO Förhandlaren.png;#7A2020;#FCF6EF
M43;Stilkvarteret Utveckling;CEO;Sarah Segerman;Sarah;sarah.segerman@akesundvall.se;C:\Users\niklas.sviden\OneDrive - Åke Sundvalls Byggnads AB\SPELET 2\Bilder\Skapade bilder\Dotterbolag Stilkvarteret Utveckling.png;CEO-3;Värden;Företagskultur;1;1;-;-;-;2;Tror på att kulturen är hela husgrunden. Bygger ett bolag där folk vill stanna kvar - hög lojalitet, låg sjukfrånvaro, stabilt fundament. Tempot är mjukare och de hårda affärsbesluten kan dröja, men ingen blir kvarglömd på vägen.;Sänkte sjukfrånvaron från 8 % till 3 % på två år;Byggde mentorprogram som nu har tre års kö;Stoppade en redan annonserad omorganisation efter att ha läst stämningen rätt;"Tog hem ""Årets arbetsgivare"" samma år som bolaget gjorde sin lägsta marginal någonsin";#7A2020;#7A2020;C:\Users\niklas.sviden\OneDrive - Åke Sundvalls Byggnads AB\SPELET 2\Bilder\Skapade bilder\CEO Värden.png;#7A2020;#FCF6EF
M43;Stilkvarteret Utveckling;CEO;Sarah Segerman;Sarah;sarah.segerman@akesundvall.se;C:\Users\niklas.sviden\OneDrive - Åke Sundvalls Byggnads AB\SPELET 2\Bilder\Skapade bilder\Dotterbolag Stilkvarteret Utveckling.png;CEO-4;Profilen;Profil & opinionsbildning;1;2;-;-;1;-;Talar i Almedalen, sitter i panel på Business Arena, citeras i DI varje torsdag. Sätter bolaget på kartan och drar nya kunder med ett tonfall - men huset hemma ska helst sköta sig självt under tiden.;Talade på tre rikstäckande paneler under samma vecka — tre olika budskap, alla väl mottagna;Citerades 47 gånger i Dagens Industri under ett år;Fick stadens kommunalråd att lyfta bolagets vision i nyårstalet;Lanserade en hashtag som tog över byggbranschen i sex månader;#7A2020;#7A2020;C:\Users\niklas.sviden\OneDrive - Åke Sundvalls Byggnads AB\SPELET 2\Bilder\Skapade bilder\CEO Profilen.png;#7A2020;#FCF6EF
M43;Stilkvarteret Utveckling;CEO;Sarah Segerman;Sarah;sarah.segerman@akesundvall.se;C:\Users\niklas.sviden\OneDrive - Åke Sundvalls Byggnads AB\SPELET 2\Bilder\Skapade bilder\Dotterbolag Stilkvarteret Utveckling.png;CEO-5;Klippan;Krisledarskap;2;-;-;1;-;1;När larmet går blir alla lugnare bara av att se Klippan sätta sig vid bordet. Trygghet på riktigt, ordning i kaos och blick för säkerhet - men tystlåten i medvind, sällan den som tänder festen.;Höll bolaget samlat under huvudentreprenörens konkurs — inga uppsägningar, inga försenade etapper;Ledde insatsen efter översvämningen — alla uthyrda lägenheter bebodda igen inom åtta veckor;Tog över ledningen under förra VD:ns sjukskrivning utan att någon utomstående märkte;Hanterade en arbetsplatsolycka på ett sätt facket sedan höll fram som modellexempel;#7A2020;#7A2020;C:\Users\niklas.sviden\OneDrive - Åke Sundvalls Byggnads AB\SPELET 2\Bilder\Skapade bilder\CEO Klippan.png;#7A2020;#FCF6EF
M43;Stilkvarteret Utveckling;CEO;Sarah Segerman;Sarah;sarah.segerman@akesundvall.se;C:\Users\niklas.sviden\OneDrive - Åke Sundvalls Byggnads AB\SPELET 2\Bilder\Skapade bilder\Dotterbolag Stilkvarteret Utveckling.png;CEO-6;Medlaren;Inkluderande ledarskap;1;1;2;-;-;-;Kallar in alla, lyssnar på alla, får alla med på båten. Beslut förankras stenhårt och ingen stångar emot på vägen ut ur rummet. Priset är att processen tar tid - och den första att bli otålig är konkurrenten.;Fick fyra disparata JV-partners att enas om gemensam utvecklingsplan på två workshops;Förenade två sammanslagna ledningsgrupper utan att en enda chef sa upp sig;Tog en kontroversiell omorganisation i mål efter ett halvårs förankring — inga interna utspel;Förhandlade fram en ny entreprenadmodell som både byggherre och entreprenör vill prata om publikt;#7A2020;#7A2020;C:\Users\niklas.sviden\OneDrive - Åke Sundvalls Byggnads AB\SPELET 2\Bilder\Skapade bilder\CEO Medlaren.png;#7A2020;#FCF6EF
